ts,o,h,l,c,v
2026-07-16T13:00:00Z,3986.5,4014.958,3960.0,3985.644,0.044733
2026-07-16T14:00:00Z,3988.631,4024.07,3966.7,3993.834,0.005296
2026-07-16T15:00:00Z,3993.307,4030.4,3966.54,4001.1535,0.012973
2026-07-16T16:00:00Z,3999.04,4010.941,3959.2,3989.99,0.04099
2026-07-16T17:00:00Z,3988.365,4012.63,3954.128,3981.588,0.115084
2026-07-16T18:00:00Z,3983.49,4005.7,3956.36,3975.383,0.008828208
2026-07-16T19:00:00Z,3978.615,3999.9,3948.43,3973.75,0.150456
2026-07-16T20:00:00Z,3972.6515,3995.667,3948.6,3972.055,0.019354
2026-07-16T21:00:00Z,3995.0,4003.869,3949.134,3977.031,0.045153
2026-07-16T22:00:00Z,3975.78,3999.474,3949.6,3972.9045,0.027958
2026-07-16T23:00:00Z,3995.709,3999.86,3950.4,3980.381,0.061664
2026-07-17T00:00:00Z,3993.53851,4010.111,3984.03102,3997.67051,0.206945
2026-07-17T01:00:00Z,3996.26551,4009.3,3961.7,3977.9,0.064482
2026-07-17T02:00:00Z,3979.307,4000.9,3958.071,3975.0145,0.023205
2026-07-17T03:00:00Z,3950.6,4016.701,3950.6,3986.395,0.025626
2026-07-17T04:00:00Z,3984.93,4007.092,3953.5,3975.985,0.062804
2026-07-17T05:00:00Z,3999.67,4003.761,3950.5,3981.75,0.013962
2026-07-17T06:00:00Z,3984.002,4021.9,3984.002,3993.1875,0.006374
2026-07-17T07:00:00Z,3995.4905,3995.4905,3965.9,3988.55,0.033316
2026-07-17T08:00:00Z,3990.765,4016.01,3963.75,3990.393,0.064838
2026-07-17T09:00:00Z,3988.0805,4014.7,3966.5,3991.425,0.014949
2026-07-17T10:00:00Z,3990.261,4014.122,3985.4745,3985.4745,0.002
2026-07-17T11:00:00Z,3961.849,4007.98,3961.849,3988.69,0.112659
2026-07-17T12:00:00Z,3985.8,4009.6,3941.9,3961.25,0.130983
2026-07-17T13:00:00Z,3958.7,4007.503,3941.51,3988.8095,0.049009
2026-07-17T14:00:00Z,3990.9,4016.5,3971.37,3993.029,0.002459
2026-07-17T15:00:00Z,3995.623,4035.116,3975.968,4011.42,0.045632
2026-07-17T16:00:00Z,4008.2735,4035.44,3986.4,4007.4565,0.028723
2026-07-17T17:00:00Z,4010.715,4032.2,3987.13,4000.84,0.009702
2026-07-17T18:00:00Z,4002.81,4030.8,3999.77,4004.6005,0.002432
2026-07-17T19:00:00Z,4001.815,4027.217,3975.877,4006.685,0.004918
2026-07-17T20:00:00Z,4004.55,4030.87,4001.781,4025.996,0.003499
2026-07-17T21:00:00Z,4025.53,4026.6,3993.0,4010.08,0.002825
2026-07-17T22:00:00Z,4027.16,4028.3,3980.6,4003.655,0.026869
2026-07-17T23:00:00Z,4028.267,4028.27,3980.18,4004.46,0.083299
2026-07-18T00:00:00Z,4027.92,4028.2,4004.401,4004.401,0.075569
2026-07-18T01:00:00Z,3979.66,4028.916,3979.66,4005.309,0.009729
2026-07-18T02:00:00Z,4029.823,4029.823,3980.9,4004.68,0.079431
2026-07-18T03:00:00Z,4027.8,4030.76,3981.6,4006.5405,0.062364
2026-07-18T04:00:00Z,4031.071,4031.487,3983.1,4007.134,0.036648
2026-07-18T05:00:00Z,4031.724,4032.07,3984.1,4006.9445,0.02599
2026-07-18T06:00:00Z,4031.491,4031.491,3982.0,4008.675,0.029111
2026-07-18T07:00:00Z,3985.2,4033.58,3983.8,4011.221,0.014244338
2026-07-18T08:00:00Z,3987.4,4035.077,3986.588,4010.465,0.088391
2026-07-18T09:00:00Z,4035.1,4035.1,3986.059,4011.6945,0.006547
2026-07-18T10:00:00Z,3987.9,4035.5,3985.8,4011.015,0.071387
2026-07-18T11:00:00Z,3986.98,4034.03,3986.98,4009.6055,0.036954
2026-07-18T12:00:00Z,4032.911,4033.86,3986.09,4010.419,0.039923
2026-07-18T13:00:00Z,4034.519,4034.519,3984.54,4008.55,0.015909
2026-07-18T14:00:00Z,4032.8,4033.972,3985.37,4008.9145,0.02126
2026-07-18T15:00:00Z,4032.729,4032.729,3985.5,4009.73,0.008259
2026-07-18T16:00:00Z,4033.18,4033.6,3985.03,4010.0745,0.015325
2026-07-18T17:00:00Z,4033.932,4034.775,4010.0745,4011.105,0.00586
2026-07-18T18:00:00Z,4009.237,4009.237,3982.77,4007.0525,0.002506254
2026-07-18T19:00:00Z,4030.7,4031.8,4006.0,4006.0,0.005106
2026-07-18T20:00:00Z,4029.8,4029.8,4004.666,4004.666,0.001335
2026-07-18T21:00:00Z,3981.281,4027.6,3981.281,4003.859,0.052966
2026-07-18T22:00:00Z,4027.8,4028.211,3979.174,4004.545,0.054377
2026-07-18T23:00:00Z,4027.8,4031.612,4004.545,4009.9985,0.030669
2026-07-19T00:00:00Z,3986.016,4035.47,3985.8,4009.2,0.076911
2026-07-19T01:00:00Z,4032.71,4033.2,3985.27,4009.49,0.018185
2026-07-19T02:00:00Z,3985.4,4033.4,3985.4,4009.705,0.014202
2026-07-19T03:00:00Z,3986.18,4010.1695,3985.1,4010.1695,0.025161
2026-07-19T04:00:00Z,3986.63,4034.441,3986.38,4009.781,0.019442
2026-07-19T05:00:00Z,4033.162,4033.162,4008.475,4008.475,0.00243
2026-07-19T06:00:00Z,3984.6,4033.048,3984.6,4007.02,0.015303
2026-07-19T07:00:00Z,4030.78,4032.799,3983.6,4007.5,0.066161
2026-07-19T08:00:00Z,3983.8,4031.815,3983.8,4007.127,0.011233
2026-07-19T09:00:00Z,4031.62,4031.98,3984.3,4006.3665,0.007493
2026-07-19T10:00:00Z,4029.633,4029.633,3982.36,4006.2865,0.069167
2026-07-19T11:00:00Z,4030.563,4030.563,3981.1,4004.15,0.007721
2026-07-19T12:00:00Z,4027.5,4028.1,3979.3,4000.8125,0.021677
2026-07-19T13:00:00Z,4024.7,4028.4,3980.1,4004.7245,0.016211781
2026-07-19T14:00:00Z,4028.93,4031.02,3979.9,4007.27,0.026131
2026-07-19T15:00:00Z,4031.32,4031.335,3980.63,4005.99,0.00874
2026-07-19T16:00:00Z,4030.07,4030.07,3981.3,4004.6995,0.020928
2026-07-19T17:00:00Z,4029.1,4029.1,3980.5,4007.522,0.007856
2026-07-19T18:00:00Z,4031.4,4031.4,4007.4,4007.4,0.002227
2026-07-19T19:00:00Z,4031.1,4031.7,4007.25,4007.405,0.004619
2026-07-19T21:00:00Z,4005.53,4028.32,3980.36,4005.868,0.00958
2026-07-19T22:00:00Z,4001.015,4001.015,3967.36,3991.1155,0.00216
2026-07-19T23:00:00Z,3988.2615,4012.4,3964.232,3989.1275,0.01433994
2026-07-20T00:00:00Z,4012.9,4021.2,3968.1,4002.645,0.144496
2026-07-20T01:00:00Z,4004.1615,4031.5,3969.2,3998.74,0.267278
2026-07-20T02:00:00Z,4000.182,4032.72,3977.15,4017.4645,0.073812
2026-07-20T03:00:00Z,4015.6195,4043.2,3993.6,4017.4,0.117216
2026-07-20T04:00:00Z,4019.33,4043.08,3993.816,4013.85,0.011171
2026-07-20T05:00:00Z,4037.6,4037.6,3980.435,4004.125,0.021558
2026-07-20T06:00:00Z,4005.892,4028.6,3976.284,3998.55,0.016568
2026-07-20T07:00:00Z,4000.5495,4038.47,3976.24,4012.705,0.034414
2026-07-20T08:00:00Z,4014.44,4048.342,3991.3,4012.31,0.067147
2026-07-20T09:00:00Z,4010.813,4037.9,3986.97,4013.084,0.053795
2026-07-20T10:00:00Z,3989.411,4040.3,3988.828,4016.4055,0.014521
2026-07-20T11:00:00Z,4017.5615,4044.55,3994.2,4019.789,0.055749
2026-07-20T12:00:00Z,4017.645,4037.59,3978.899,4004.12,0.012841
2026-07-20T13:00:00Z,4006.403,4029.456,3979.5,4001.5805,0.01707179
2026-07-20T14:00:00Z,3998.95,4026.39,3976.784,4002.35,0.014541
2026-07-20T15:00:00Z,4004.24,4032.97,3984.9,4007.7355,0.086505
2026-07-20T16:00:00Z,4010.514,4029.895,3979.58,4004.1335,0.069035
2026-07-20T17:00:00Z,4005.32,4030.4,4000.25,4000.25,0.010197
2026-07-20T18:00:00Z,4002.4355,4006.017,3977.5,4003.025,0.001592
2026-07-20T19:00:00Z,4000.936,4027.92,4000.308,4003.88,0.002482
2026-07-20T20:00:00Z,4028.45,4028.45,4003.8155,4004.0,0.005251
2026-07-20T21:00:00Z,3980.4,4030.986,3980.4,4006.2055,0.019621
2026-07-20T22:00:00Z,3982.211,4027.55,3978.1,3997.655,0.043592
2026-07-20T23:00:00Z,3998.8615,4025.9,3977.05,4005.377,0.01626
2026-07-21T00:00:00Z,4003.55,4035.78,3977.7,4018.69,0.034615
2026-07-21T01:00:00Z,4015.91,4045.02,3998.106,4016.908,0.005534
2026-07-21T02:00:00Z,4040.835,4043.4,3995.669,4023.85,0.010831
2026-07-21T03:00:00Z,4024.765,4064.42,4010.4,4039.665,0.048818
2026-07-21T04:00:00Z,4041.68,4063.27,4012.8,4041.39,0.00985
2026-07-21T05:00:00Z,4017.53,4081.08,4017.53,4055.3965,0.021645
2026-07-21T06:00:00Z,4057.05,4088.1,4037.12,4073.0165,0.086478
2026-07-21T07:00:00Z,4070.825,4088.695,4037.238,4061.71,0.050925
2026-07-21T08:00:00Z,4059.545,4083.78,4032.702,4055.85,0.021128
2026-07-21T09:00:00Z,4058.576,4084.4,4031.656,4059.753,0.039273
2026-07-21T10:00:00Z,4057.825,4087.47,4036.48,4058.9535,0.00873
2026-07-21T11:00:00Z,4056.8625,4077.7,4025.345,4048.95,0.207783
2026-07-21T12:00:00Z,4052.805,4078.17,4021.7,4048.125,0.013877
2026-07-21T13:00:00Z,4049.944,4074.9,4019.2,4045.9905,0.011571
2026-07-21T14:00:00Z,4047.8,4085.0,4033.7,4060.755,0.036285
2026-07-21T15:00:00Z,4063.12,4099.07,4035.7,4064.0,0.112138
2026-07-21T16:00:00Z,4040.6,4091.963,4038.0,4063.6125,0.018195
2026-07-21T17:00:00Z,4087.325,4088.326,4038.2,4058.99,0.006658
2026-07-21T18:00:00Z,4061.1585,4100.3,4036.7,4073.943,0.004262458
2026-07-21T19:00:00Z,4049.7,4100.99,4049.7,4074.174,0.019754
2026-07-21T20:00:00Z,4077.195,4099.385,4046.2,4070.53,0.003489
2026-07-21T21:00:00Z,4067.295,4093.2,4042.9,4069.119,0.003186
2026-07-21T22:00:00Z,4070.6005,4094.7,4070.46,4070.46,0.001915
2026-07-21T23:00:00Z,4073.3975,4097.28,4072.705,4072.705,0.001196
2026-07-22T00:00:00Z,4070.025,4111.813,4059.45,4086.849,0.019209
2026-07-22T01:00:00Z,4089.3895,4134.576,4071.458,4111.077,0.019234214
2026-07-22T02:00:00Z,4108.485,4142.933,4086.3,4118.6105,0.141105
2026-07-22T03:00:00Z,4142.721,4153.52,4096.02,4120.1685,0.039664
2026-07-22T04:00:00Z,4117.8185,4142.876,4089.622,4114.095,0.009905
2026-07-22T05:00:00Z,4090.42,4147.0,4090.42,4120.75,0.05466666
2026-07-22T06:00:00Z,4121.3335,4146.347,4080.5,4104.7845,0.240804
2026-07-22T07:00:00Z,4080.3,4134.2,4080.3,4099.514,0.019135
2026-07-22T08:00:00Z,4101.592,4135.0,4079.85,4108.9,0.132297
2026-07-22T09:00:00Z,4133.8,4136.66,4080.661,4103.6525,0.10226
2026-07-22T10:00:00Z,4127.9,4134.72,4086.913,4107.29,0.042826
2026-07-22T11:00:00Z,4106.4295,4135.49,4083.996,4112.0,0.019053
2026-07-22T12:00:00Z,4114.3,4145.1,4084.361,4114.185,0.086465
2026-07-22T13:00:00Z,4114.86,4161.42,4088.127,4145.15,0.053277442
2026-07-22T14:00:00Z,4169.9,4174.55,4111.4,4139.409,0.286881377
2026-07-22T15:00:00Z,4140.5725,4175.7,4119.47,4171.2447178215,0.01891
2026-07-22T16:00:00Z,4170.5782178215,4171.8,4113.015,4138.0115,0.257731023
2026-07-22T17:00:00Z,4163.423,4163.423,4107.5,4133.335,0.01673
2026-07-22T18:00:00Z,4131.414,4156.228,4103.19,4129.5975,0.028925886
2026-07-22T19:00:00Z,4126.3155,4152.15,4098.536,4125.0475,0.026124
2026-07-22T20:00:00Z,4125.8605,4152.69,4100.38,4123.78,0.012955
2026-07-22T21:00:00Z,4147.96,4150.2,4100.112,4124.491,0.012562
2026-07-22T22:00:00Z,4122.35,4144.93,4095.253,4114.265,0.074605
2026-07-22T23:00:00Z,4112.1575,4148.641,4087.9,4124.521,0.013643
2026-07-23T00:00:00Z,4148.57,4148.6,4117.35,4122.65,0.024224
2026-07-23T01:00:00Z,4125.315,4154.87,4102.8,4108.733,0.004878
2026-07-23T02:00:00Z,4109.7925,4143.74,4081.69,4118.54,0.020217
2026-07-23T03:00:00Z,4142.77,4143.212,4095.8,4116.1255,0.032281
2026-07-23T04:00:00Z,4114.538,4143.691,4088.308,4111.4555,0.029643
2026-07-23T05:00:00Z,4087.6,4143.047,4087.6,4115.923,0.075695
2026-07-23T06:00:00Z,4117.6685,4140.51,4087.52,4111.85,0.088486
2026-07-23T07:00:00Z,4109.049,4126.47,4072.88,4085.45,0.040632
2026-07-23T08:00:00Z,4088.189,4108.06,4057.51,4086.237,0.007156
2026-07-23T09:00:00Z,4087.7,4108.4,4059.01,4082.2065,0.017556
2026-07-23T10:00:00Z,4057.313,4107.4,4055.4,4084.8915,0.06166
2026-07-23T11:00:00Z,4108.983,4109.642,4062.2,4077.4825,0.037719
2026-07-23T12:00:00Z,4075.869,4103.4,4044.624,4056.155,0.035605
2026-07-23T13:00:00Z,4055.1,4071.32,4013.23,4039.6305,0.036822673
2026-07-23T14:00:00Z,4041.6725,4075.821,4035.9,4053.575,0.011998
2026-07-23T15:00:00Z,4076.9,4076.9,4015.61,4042.482,0.091622
2026-07-23T16:00:00Z,4044.12,4045.2305,4018.56,4043.3,0.012089
2026-07-23T17:00:00Z,4047.1105,4060.37,4012.75,4036.9525,0.006292
2026-07-23T18:00:00Z,4060.776,4063.005,4014.14,4039.7425,0.011502
2026-07-23T19:00:00Z,4041.415,4067.72,4013.367,4043.95,0.024725
2026-07-23T20:00:00Z,4067.0,4068.073,4019.8,4044.83,0.012739
2026-07-23T21:00:00Z,4068.7,4069.07,4019.46,4044.75,0.030671
2026-07-23T22:00:00Z,4069.7,4069.7,4019.4,4044.525,0.037974
2026-07-23T23:00:00Z,4020.55,4066.74,4020.55,4044.4955,0.01164
2026-07-24T00:00:00Z,4041.005,4068.2,4015.316,4044.832,0.038936
2026-07-24T01:00:00Z,4019.804,4064.6,4012.8,4038.8,0.040893
2026-07-24T02:00:00Z,4040.0145,4066.5,3998.838,4018.172,0.026952208
2026-07-24T03:00:00Z,4041.6,4047.7,4000.747,4025.46,0.012188
2026-07-24T04:00:00Z,4048.72,4048.974,3999.6,4023.702,0.013463
2026-07-24T05:00:00Z,4047.12,4048.576,3995.16,4017.9105,0.015864
2026-07-24T06:00:00Z,4020.4985,4057.2,3997.748,4032.007,0.012447
2026-07-24T07:00:00Z,4056.65,4067.6,4022.89,4042.285,0.028017
2026-07-24T08:00:00Z,4039.182,4064.51,4013.7,4047.474,0.068351
2026-07-24T09:00:00Z,4023.1,4071.3,4022.14,4050.233,0.013114
2026-07-24T10:00:00Z,4051.6725,4076.4,4027.2,4050.505,0.004812
2026-07-24T11:00:00Z,4051.52,4075.63,4023.718,4049.25,0.015115
2026-07-24T12:00:00Z,4024.4,4073.83,4024.4,4045.75,0.015371
2026-07-24T13:00:00Z,4047.635,4075.84,4036.672,4060.046,0.025722
2026-07-24T14:00:00Z,4061.3155,4083.68,4030.238,4059.119,0.085206
2026-07-24T15:00:00Z,4061.75,4094.742,4043.9,4069.1245,0.063864
2026-07-24T16:00:00Z,4093.0,4093.0,4036.22,4058.6165,0.013121
2026-07-24T17:00:00Z,4060.71,4085.428,4034.6,4057.8075,0.0063
2026-07-24T18:00:00Z,4082.115,4082.115,4022.1,4048.95,0.035314
2026-07-24T19:00:00Z,4072.7,4072.7,4043.26,4048.2,0.005349
2026-07-24T20:00:00Z,4072.5,4072.6,4022.5,4045.682,0.018916
2026-07-24T21:00:00Z,4069.7,4071.313,4045.682,4048.55,0.004339
2026-07-24T22:00:00Z,4072.9,4073.6,4024.03,4049.6515,0.031075
2026-07-24T23:00:00Z,4025.253,4049.6515,4025.253,4049.155,0.003449
2026-07-25T00:00:00Z,4050.6305,4076.5,4026.091,4050.18,0.009321
2026-07-25T01:00:00Z,4026.63,4075.01,4026.63,4050.1185,0.00707
2026-07-25T02:00:00Z,4074.07,4074.685,4025.0,4049.04,0.074911
2026-07-25T03:00:00Z,4024.58,4073.5,4024.1,4048.3255,0.012051
2026-07-25T04:00:00Z,4072.711,4073.162,4024.124,4048.0375,0.024142
2026-07-25T05:00:00Z,4071.325,4073.317,4023.1,4048.788,0.060439
2026-07-25T06:00:00Z,4024.56,4073.7,4024.56,4048.0315,0.056985
2026-07-25T07:00:00Z,4072.5,4072.5,4048.0315,4048.1,0.019028
2026-07-25T08:00:00Z,4072.9,4072.9,4047.58,4048.321,0.019781
2026-07-25T09:00:00Z,4072.53,4072.53,4024.01,4047.26,0.014619
2026-07-25T10:00:00Z,4071.12,4071.98,4022.35,4047.343,0.063233
2026-07-25T12:00:00Z,4070.35,4071.705,4023.22,4047.2255,0.027273
2026-07-25T13:00:00Z,4023.24,4073.26,4023.24,4049.8,0.008334
2026-07-25T14:00:00Z,4026.4,4073.492,4024.551,4050.179,0.020588
2026-07-25T15:00:00Z,4026.258,4074.883,4025.18,4051.4445,0.035884
2026-07-25T16:00:00Z,4075.519,4075.519,4025.5,4050.085,0.016841
2026-07-25T17:00:00Z,4025.58,4075.198,4025.58,4050.45,0.019871
2026-07-25T18:00:00Z,4026.6,4076.98,4026.6,4051.3945,0.004883
2026-07-25T19:00:00Z,4075.379,4077.1,4026.2,4050.485,0.016809
2026-07-25T21:00:00Z,4026.85,4076.92,4026.85,4051.073,0.005188
2026-07-25T22:00:00Z,4027.0,4054.165,4027.0,4053.7925,0.009457
2026-07-25T23:00:00Z,4029.195,4077.25,4028.05,4051.77,0.038206
2026-07-26T00:00:00Z,4075.81,4075.81,4027.837,4050.68,0.011282
2026-07-26T01:00:00Z,4026.285,4076.07,4026.239,4051.7265,0.00794
2026-07-26T02:00:00Z,4076.623,4076.623,4026.814,4051.88,0.063227
2026-07-26T03:00:00Z,4027.96,4076.142,4027.96,4052.419,0.018863
2026-07-26T04:00:00Z,4028.928,4052.9095,4028.309,4052.7015,0.004786
2026-07-26T05:00:00Z,4076.0,4076.0,4030.535,4054.0135,0.007634
2026-07-26T06:00:00Z,4030.187,4054.0135,4028.26,4052.623,0.003725
2026-07-26T07:00:00Z,4028.116,4052.623,4028.116,4051.95,0.006003
2026-07-26T08:00:00Z,4028.5,4078.19,4028.5,4054.756,0.050686
2026-07-26T09:00:00Z,4053.9135,4078.655,4028.6,4054.085,0.03302
2026-07-26T10:00:00Z,4055.8,4080.7,4029.2,4057.135,0.030347
2026-07-26T11:00:00Z,4033.2,4081.464,4031.6,4056.2015,0.020933
2026-07-26T12:00:00Z,4032.22,4079.23,4030.38,4055.0455,0.017425
2026-07-26T13:00:00Z,4030.9,4080.4,4030.9,4055.82,0.010169
2026-07-26T14:00:00Z,4031.24,4082.5,4031.24,4055.905,0.011339
2026-07-26T15:00:00Z,4032.46,4082.2,4032.46,4059.15,0.031992
2026-07-26T16:00:00Z,4061.6485,4087.0,4037.823,4062.7175,0.019206
2026-07-26T17:00:00Z,4059.382,4084.8,4035.5,4059.07,0.073459
2026-07-26T19:00:00Z,4082.8,4082.8,4058.718,4058.718,0.001889
2026-07-26T20:00:00Z,4058.001,4058.001,4058.001,4058.001,0.0
2026-07-26T21:00:00Z,4082.502,4091.27,4034.13,4065.9955,0.024976
2026-07-26T22:00:00Z,4069.8645,4085.5815,4056.5,4081.905,0.018618
2026-07-26T23:00:00Z,4080.4855,4107.45,4051.32,4083.24,0.007169
2026-07-27T00:00:00Z,4085.564,4119.71,4064.478,4090.45,0.067406
2026-07-27T01:00:00Z,4093.165,4119.264,4066.618,4097.49,0.011331
2026-07-27T02:00:00Z,4095.55,4119.602,4060.22,4084.065,0.030038
2026-07-27T03:00:00Z,4083.0505,4105.63,4061.0,4082.6885,0.206934
2026-07-27T04:00:00Z,4083.0,4104.1,4061.0,4082.935,0.009013
2026-07-27T05:00:00Z,4083.92,4107.76,4057.9,4081.11,0.038253
2026-07-27T06:00:00Z,4081.9,4105.0,4058.8,4083.4765,0.014187
2026-07-27T07:00:00Z,4084.5,4105.0,4059.48,4079.6,0.022678
2026-07-27T08:00:00Z,4081.263,4104.88,4055.63,4083.233,0.007165
2026-07-27T09:00:00Z,4061.466,4113.04,4060.31,4088.225,0.112072
2026-07-27T10:00:00Z,4085.8,4114.57,4054.1,4091.2075,0.006767
2026-07-27T11:00:00Z,4089.19,4111.847,4060.13,4085.55,1.650414913
2026-07-27T12:00:00Z,4087.125,4103.33,4055.5,4075.885,0.128287
2026-07-27T13:00:00Z,4078.94,4102.144,4039.192,4063.797,0.028057
2026-07-27T14:00:00Z,4066.25,4092.93,4039.2,4067.0725,0.132953668
2026-07-27T15:00:00Z,4063.844,4092.8,4039.273,4068.855,0.00554
2026-07-27T16:00:00Z,4071.6965,4105.8,4049.341,4075.041,0.014466
2026-07-27T17:00:00Z,4073.25,4092.84,4047.87,4070.151,0.003723
2026-07-27T18:00:00Z,4045.4,4094.64,4045.1,4070.184,0.009296
2026-07-27T19:00:00Z,4094.9,4104.2,4053.2,4076.825,0.01085
2026-07-27T20:00:00Z,4074.93,4095.5,4068.76,4068.76,0.002384
2026-07-27T21:00:00Z,4071.3,4092.7,4043.6,4067.2935,0.006568
2026-07-27T22:00:00Z,4071.3,4091.153,4063.203,4065.7,0.005791
2026-07-27T23:00:00Z,4063.055,4089.96,4037.9,4062.145,0.012448976
2026-07-28T00:00:00Z,4063.57,4088.06,4027.27,4048.771,0.050351518
2026-07-28T01:00:00Z,4047.61,4063.816,4017.8,4033.9385,0.00668
2026-07-28T02:00:00Z,4036.37,4061.086,4011.9,4032.9585,0.006281
2026-07-28T03:00:00Z,4036.459,4065.0,4013.1,4040.76,0.023053
2026-07-28T04:00:00Z,4037.467,4061.5,4012.8,4033.087,0.043368
2026-07-28T05:00:00Z,4056.424,4058.1,4008.2,4035.65,0.011937
2026-07-28T06:00:00Z,4038.1365,4065.772,4014.202,4040.477,0.029132
2026-07-28T07:00:00Z,4065.194,4065.194,4014.9,4036.85,0.025001
2026-07-28T08:00:00Z,4039.965,4061.723,4009.1,4036.44,0.011705
2026-07-28T09:00:00Z,4033.8,4057.17,4003.8,4015.415,0.053131
2026-07-28T10:00:00Z,4015.92,4041.4,3990.5,4019.165,0.006245
2026-07-28T11:00:00Z,4042.5,4046.35,3995.9,4019.998,0.113717
2026-07-28T12:00:00Z,4016.951,4049.94,3994.7,4019.5155,0.06933
2026-07-28T13:00:00Z,4022.6535,4049.76,3998.841,4015.565,0.013262
2026-07-28T14:00:00Z,4017.8695,4043.4,3996.034,4016.97,0.030367
2026-07-28T15:00:00Z,4020.009,4062.513,4004.662,4037.95,0.031838
2026-07-28T16:00:00Z,4061.5,4061.5,4009.708,4030.066,0.024731
2026-07-28T17:00:00Z,4054.032,4054.032,3994.8,4020.3415,0.018656
2026-07-28T18:00:00Z,4021.6465,4045.8,3998.5,4016.092,0.014129
2026-07-28T19:00:00Z,4040.84,4043.654,3992.684,4016.644,0.030571
2026-07-28T20:00:00Z,4015.944,4042.16,3996.4,4019.25,0.009175
2026-07-28T21:00:00Z,4021.764,4045.028,3997.202,4023.115,0.009113
2026-07-28T22:00:00Z,4024.981,4034.0,3991.02,4009.634,0.011628
2026-07-28T23:00:00Z,4010.884,4015.8035,3991.5,4015.625,0.035544
2026-07-29T00:00:00Z,4013.8845,4030.0321475,4012.59,4026.1281475,0.00131
2026-07-29T01:00:00Z,4024.7981475,4031.39,4014.596295,4027.6736475,0.011595
2026-07-29T02:00:00Z,4028.1471475,4044.835,4027.1481475,4030.4431475,0.003957
2026-07-29T03:00:00Z,4014.596295,4030.4431475,3991.732,4014.235,0.017906
2026-07-29T04:00:00Z,4037.17,4039.4,3988.3,4018.2615,0.037468
2026-07-29T05:00:00Z,4020.696,4047.59,3996.6,4024.3305,0.027395
2026-07-29T06:00:00Z,4026.9315,4057.943,4003.5,4031.857,0.014338
2026-07-29T07:00:00Z,4034.05,4037.42,4010.372,4033.92,0.053315
2026-07-29T08:00:00Z,4031.59,4054.23,4005.53,4028.42,0.010189
2026-07-29T09:00:00Z,4053.24,4053.24,4024.159,4024.159,0.026122
2026-07-29T10:00:00Z,4021.978,4046.0,3995.9,4018.8245,0.050741
2026-07-29T11:00:00Z,4042.5,4049.058,3996.32,4025.05,0.021052
2026-07-29T12:00:00Z,4048.5,4048.5,3983.8,4014.24,0.016186
2026-07-29T13:00:00Z,4015.073,4038.946,3985.36,4004.08,0.00885
2026-07-29T14:00:00Z,4005.88,4023.4,3971.94,3999.1845,0.195830078
2026-07-29T15:00:00Z,4001.2375,4029.762,3980.47,4003.4935,0.018165
2026-07-29T16:00:00Z,4006.124,4044.761,3987.89,4021.831,0.090776
2026-07-29T17:00:00Z,4023.1105,4040.5485,4005.47,4035.508,0.00672
2026-07-29T18:00:00Z,4038.61,4097.0,4026.3,4094.9,0.123555
2026-07-29T19:00:00Z,4096.2065,4120.25,4033.19,4036.95,0.029543
2026-07-29T20:00:00Z,4039.8105,4065.304,4017.83,4057.7605,0.010570796
2026-07-29T21:00:00Z,4082.001,4083.7,4030.537,4054.415,0.029361
2026-07-29T22:00:00Z,4057.4,4091.09,4044.43,4077.9,0.01364345
2026-07-29T23:00:00Z,4080.9835,4109.068,4053.677,4058.0055,0.067334042
2026-07-30T00:00:00Z,4052.011,4099.2,4033.9,4064.273,0.128017
2026-07-30T01:00:00Z,4066.2545,4105.952,4047.32,4076.9995,0.023234242
2026-07-30T02:00:00Z,4079.021,4101.1,4039.8,4058.414,0.042676
2026-07-30T03:00:00Z,4059.8375,4079.3,4038.088,4050.5,0.009837
2026-07-30T04:00:00Z,4052.945,4072.4,4018.0,4041.65,0.014636
2026-07-30T05:00:00Z,4040.977,4070.75,4014.2,4031.2,0.068000652
2026-07-30T06:00:00Z,4033.565,4058.2,4008.459,4031.602,0.042976992
2026-07-30T07:00:00Z,4033.78,4068.6,4012.587,4034.75,0.033534435
2026-07-30T08:00:00Z,4033.559,4087.1,4027.577,4055.92,0.02884865
2026-07-30T09:00:00Z,4057.915,4085.28,4035.821681818,4057.0,0.043123504
2026-07-30T10:00:00Z,4058.931,4098.381,4040.01,4072.409,0.019667
2026-07-30T11:00:00Z,4075.08,4099.56,4047.072,4071.25,0.053081
2026-07-30T12:00:00Z,4068.306,4097.876,4048.64,4069.355,0.014681491
2026-07-30T13:00:00Z,4068.564,4101.39,4043.55,4101.39,0.021391074
2026-07-30T14:00:00Z,4102.2085,4122.406,4063.88,4090.585,0.055462
2026-07-30T15:00:00Z,4115.16,4123.178,4060.362,4099.375,0.094293644
2026-07-30T16:00:00Z,4100.44,4122.474,4098.187,4098.373,0.001188
2026-07-30T17:00:00Z,4122.464,4122.464,4074.351,4095.825,0.016107
2026-07-30T18:00:00Z,4097.238,4121.819,4069.952,4092.8,0.036294
2026-07-30T19:00:00Z,4095.1145,4106.25,4077.28,4102.5375,0.001296
2026-07-30T20:00:00Z,4101.355,4128.2,4072.7,4094.41,0.034691
2026-07-30T21:00:00Z,4096.0695,4121.3,4071.839,4098.4575,0.007211
2026-07-30T22:00:00Z,4095.8415,4124.5,4074.232,4101.5865,0.014967
2026-07-30T23:00:00Z,4126.07,4127.1,4096.745,4098.17,0.019189
2026-07-31T00:00:00Z,4095.74,4120.698,4058.584,4086.9625,0.161871
2026-07-31T01:00:00Z,4089.945,4118.2,4052.8,4079.8725,0.176324
2026-07-31T02:00:00Z,4076.8315,4103.3,4051.511,4071.352,0.027159
2026-07-31T03:00:00Z,4047.504,4093.211,4043.398,4068.9585,0.012425
2026-07-31T04:00:00Z,4092.235,4099.7,4049.315,4072.65,0.020099
2026-07-31T05:00:00Z,4074.483,4099.468,4050.3,4068.549,0.094518
2026-07-31T06:00:00Z,4067.355,4097.5,4048.3,4072.065,0.010502
2026-07-31T07:00:00Z,4095.86,4095.86,4060.426,4060.426,0.01346
2026-07-31T08:00:00Z,4058.698,4080.6,4028.495,4054.385,0.029682774
2026-07-31T09:00:00Z,4053.262,4076.53,4024.43,4050.023,0.053097
2026-07-31T10:00:00Z,4052.7275,4076.8,4024.64,4051.76,0.025972
2026-07-31T11:00:00Z,4048.5175,4080.58,4032.5,4050.6915,0.011609
2026-07-31T12:00:00Z,4052.114,4069.752,4015.11,4036.585,0.022154
2026-07-31T13:00:00Z,4034.5915,4063.66,3999.6,4023.289,0.044556
2026-07-31T14:00:00Z,3999.578,4062.83,3999.578,4044.33,0.044134
2026-07-31T15:00:00Z,4041.1285,4062.44,4009.6,4041.115,0.058206
2026-07-31T16:00:00Z,4038.015,4067.7,4037.547,4040.49,0.008859
2026-07-31T17:00:00Z,4015.58,4069.2,4015.58,4047.609,0.117179
2026-07-31T18:00:00Z,4023.393,4071.291,4023.393,4045.6205,0.005597
2026-07-31T19:00:00Z,4022.121,4065.93,4022.121,4045.8,0.006663719
2026-07-31T20:00:00Z,4044.299,4070.972,4039.354,4039.354,0.025305
2026-07-31T21:00:00Z,4039.77,4064.557,4016.247,4043.34,0.00532
2026-07-31T22:00:00Z,4067.08,4069.169,4019.0,4044.35,0.022386
2026-07-31T23:00:00Z,4020.66,4069.936,4019.8,4043.4855,0.030899
2026-08-01T00:00:00Z,4067.1,4068.11,4019.1,4041.445,0.044252
2026-08-01T01:00:00Z,4065.39,4066.52,4016.9,4041.261,0.014694
2026-08-01T02:00:00Z,4064.822,4067.88,4018.1,4042.821,0.020249
2026-08-01T03:00:00Z,4066.4,4068.08,4018.85,4041.65,0.020162
2026-08-01T04:00:00Z,4017.31,4065.7,4017.035,4040.995,0.033579
2026-08-01T05:00:00Z,4065.9,4067.512,4018.73,4041.9785,0.025206
2026-08-01T06:00:00Z,4066.357,4066.357,4018.21,4040.6575,0.05538
2026-08-01T07:00:00Z,4064.39,4066.42,4016.8,4042.8355,0.021754
2026-08-01T08:00:00Z,4066.671,4067.134,4018.085,4043.182,0.033928
2026-08-01T09:00:00Z,4019.654,4068.56,4019.08,4043.968,0.011488
2026-08-01T10:00:00Z,4068.596,4068.596,4017.8,4043.0,0.01086
2026-08-01T12:00:00Z,4066.8,4067.054,4018.258,4050.675,0.028796
2026-08-01T13:00:00Z,4034.35,4068.367,4019.969,4044.0,0.008856
2026-08-01T14:00:00Z,4051.375,4067.93,4050.48,4051.325,0.220089
2026-08-01T15:00:00Z,4067.7,4067.7,4034.95,4050.98,0.005106
2026-08-01T16:00:00Z,4067.01,4067.01,4017.749,4039.65,0.018412
2026-08-01T17:00:00Z,4063.8,4063.8,4014.4,4039.0,0.00551
2026-08-01T18:00:00Z,4014.8,4057.9,4011.085,4033.515,0.028717
2026-08-01T19:00:00Z,4037.252,4065.3,4037.252,4049.5,0.003682
2026-08-01T20:00:00Z,4050.9,4070.9,4030.9,4049.5405,0.005012
2026-08-01T21:00:00Z,4030.9,4050.995,4030.9,4050.995,0.001919
2026-08-01T22:00:00Z,4030.9,4070.9,4021.322,4045.287,0.016386
2026-08-01T23:00:00Z,4020.9,4070.12,4020.9,4045.377,0.214505
2026-08-02T00:00:00Z,4020.3,4071.638,4020.3,4047.09,0.017739
2026-08-02T01:00:00Z,4070.93,4073.6,4024.219,4049.263,0.027828
2026-08-02T02:00:00Z,4052.111,4053.0545,4027.403,4052.638,0.11338
2026-08-02T03:00:00Z,4028.226,4080.0,4028.226,4054.615,0.092744
2026-08-02T04:00:00Z,4077.84,4081.618,4030.59,4056.315,0.037185
2026-08-02T05:00:00Z,4080.83,4081.3,4049.68,4065.0115,0.023095
2026-08-02T06:00:00Z,4049.68,4079.6,4032.4,4056.6,0.017657
2026-08-02T07:00:00Z,4032.4,4080.12,4030.9,4057.1265,0.010321
2026-08-02T08:00:00Z,4081.2,4081.2,4031.0,4055.235,0.056016
2026-08-02T09:00:00Z,4079.37,4079.93,4033.1,4056.3895,0.02154
2026-08-02T10:00:00Z,4079.679,4080.8,4032.2,4056.4,0.006061
2026-08-02T11:00:00Z,4033.2,4081.538,4031.512,4056.415,0.088
2026-08-02T12:00:00Z,4081.16,4081.2,4032.68,4055.6355,0.003765
2026-08-02T13:00:00Z,4079.7,4081.4,4032.0,4056.401,0.029836
2026-08-02T14:00:00Z,4079.292,4083.682,4029.356,4059.207,0.053726
2026-08-02T15:00:00Z,4035.15,4082.1,4032.845,4055.485,0.009986
2026-08-02T16:00:00Z,4031.67,4082.8,4031.67,4058.472,0.057987
2026-08-02T17:00:00Z,4083.344,4087.8,4034.9,4064.295,0.457322
2026-08-02T18:00:00Z,4087.5,4089.399,4039.867,4062.87,0.011238
2026-08-02T19:00:00Z,4039.24,4086.04,4036.201,4062.389,0.017537
2026-08-02T20:00:00Z,4037.67,4064.445,4036.2,4064.445,0.006562
2026-08-02T21:00:00Z,4061.715,4086.0,4061.715,4071.2755,0.001882
2026-08-02T22:00:00Z,4072.8455,4084.5,4059.746,4059.746,0.00504
2026-08-02T23:00:00Z,4058.03,4088.2,4039.9,4066.94,0.009016
2026-08-03T00:00:00Z,4069.95,4091.8,4026.69,4051.027,0.027105
2026-08-03T01:00:00Z,4048.05,4072.515,4018.71,4047.82,0.012357
2026-08-03T02:00:00Z,4049.8625,4080.8,4026.969,4054.905,0.124883
2026-08-03T03:00:00Z,4079.1,4081.656,4031.079,4056.47,0.013247
2026-08-03T04:00:00Z,4079.56,4085.58,4035.06,4057.9025,0.033816
2026-08-03T05:00:00Z,4055.09,4079.7,4025.1,4059.271,0.011826
2026-08-03T06:00:00Z,4083.763,4085.5,4034.106,4056.222,0.046686
2026-08-03T07:00:00Z,4054.7205,4078.641,4023.516,4053.2155,0.114645
2026-08-03T08:00:00Z,4051.03,4075.38,4025.543,4051.24,0.022239
2026-08-03T09:00:00Z,4027.6,4071.48,4021.396,4049.326,0.011152
2026-08-03T10:00:00Z,4048.3085,4071.9,4020.17,4042.3875,0.04397
2026-08-03T11:00:00Z,4044.7565,4079.89,4017.84,4054.903,0.023894
2026-08-03T12:00:00Z,4051.565,4069.62,4014.528,4042.1635,0.01687
2026-08-03T13:00:00Z,4043.772,4060.453,3997.29,4028.3405,0.088062
2026-08-03T14:00:00Z,4025.265,4058.36,4008.37,4033.1905,0.180262
2026-08-03T15:00:00Z,4030.669,4055.535,4007.41,4032.291,0.120662
2026-08-03T16:00:00Z,4008.511,4057.4,4007.081,4032.57,0.029818
2026-08-03T17:00:00Z,4009.24,4033.7105,4008.7,4029.555,0.003783
2026-08-03T18:00:00Z,4005.71,4064.17,4005.71,4040.0,0.099242
2026-08-03T19:00:00Z,4043.198,4067.4,4018.96,4048.867,0.025475
2026-08-03T20:00:00Z,4046.25,4075.049,4023.556,4051.0875,0.003248
2026-08-03T21:00:00Z,4049.124,4049.124,4049.124,4049.124,0.0
2026-08-03T22:00:00Z,4047.5855,4047.5855,4021.55,4046.9745,0.00157
2026-08-03T23:00:00Z,4070.2,4072.1,4021.151,4047.09,0.026601
2026-08-04T00:00:00Z,4049.774,4074.564,4025.0,4042.162,0.41402
2026-08-04T01:00:00Z,4040.16,4077.26,4016.58,4051.705,0.073666
2026-08-04T02:00:00Z,4049.7435,4078.6,4025.487,4050.54,0.023029
2026-08-04T03:00:00Z,4026.38,4076.251,4026.38,4046.579,0.013193
2026-08-04T04:00:00Z,4071.1,4078.838,4022.1,4056.355,0.329492
2026-08-04T05:00:00Z,4032.34,4080.56,4028.99,4054.737,0.021528
2026-08-04T06:00:00Z,4056.44,4080.0,4029.73,4054.185,0.01899
2026-08-04T07:00:00Z,4055.985,4080.68,4029.9,4056.95,0.118992
2026-08-04T08:00:00Z,4059.1,4081.326,4026.16,4049.357,0.00826
2026-08-04T09:00:00Z,4046.4735,4065.9,4018.43,4041.903,0.036696
2026-08-04T10:00:00Z,4065.9,4065.9,4023.79,4047.85,0.004109
2026-08-04T11:00:00Z,4023.8,4094.138,4022.597,4065.733,0.061307
2026-08-04T12:00:00Z,4062.345,4073.98,4044.94,4063.131,0.001622
2026-08-04T13:00:00Z,4061.4815,4105.7,4054.3,4075.5,0.036142916
2026-08-04T14:00:00Z,4076.875,4101.96,4044.8,4075.64,0.009373
2026-08-04T15:00:00Z,4073.3495,4102.54,4045.337,4078.35,0.03408
2026-08-04T16:00:00Z,4076.6035,4108.547,4051.2,4084.071,0.038117956
2026-08-04T17:00:00Z,4086.462,4115.52,4061.199,4079.015,0.011704
2026-08-04T18:00:00Z,4078.0135,4103.13,4044.229,4072.2615,0.067834
2026-08-04T19:00:00Z,4073.908,4098.606,4069.9,4069.9,0.008594
2026-08-04T20:00:00Z,4046.2,4094.6,4044.48,4069.627,0.005795321
2026-08-04T21:00:00Z,4045.51,4099.056,4045.51,4075.2,0.055497
2026-08-04T22:00:00Z,4073.585,4093.13,4046.298,4069.21,0.010691
2026-08-04T23:00:00Z,4065.9205,4090.5,4041.3,4062.949,0.01253
2026-08-05T00:00:00Z,4066.42,4097.5,4043.282,4072.837,0.0349383
2026-08-05T01:00:00Z,4075.95,4108.011,4046.251,4091.465,0.01902
2026-08-05T02:00:00Z,4090.377,4142.4,4066.141,4118.137,0.063754963
2026-08-05T03:00:00Z,4143.074,4146.1,4091.32,4116.182,0.058536
2026-08-05T04:00:00Z,4119.275,4153.981,4098.3,4124.9635,0.017882
2026-08-05T05:00:00Z,4148.867,4164.8,4104.3,4152.25,0.029007
2026-08-05T06:00:00Z,4148.695,4188.5,4127.8,4162.6085,0.065952
2026-08-05T07:00:00Z,4166.345,4183.2,4127.49,4159.1635,0.061969
2026-08-05T08:00:00Z,4184.32,4184.32,4125.009,4149.8,0.054157
2026-08-05T09:00:00Z,4152.287,4178.868,4124.9,4144.905,0.037022
2026-08-05T10:00:00Z,4143.4,4171.3,4115.949,4149.159,0.086915
2026-08-05T11:00:00Z,4151.714,4204.73,4129.49,4177.155,0.032787
2026-08-05T12:00:00Z,4180.8675,4219.7,4157.9,4175.092,0.120063
2026-08-05T13:00:00Z,4177.185,4220.279,4152.59,4195.995,0.188502
2026-08-05T14:00:00Z,4220.0,4252.848,4173.437,4230.365,0.631611
2026-08-05T15:00:00Z,4251.0,4272.667,4202.17,4218.7945,0.171793
2026-08-05T16:00:00Z,4217.5,4240.0,4203.3,4218.74,0.026909
2026-08-05T17:00:00Z,4216.95,4242.0685,4203.9,4242.0685,0.027079
2026-08-05T18:00:00Z,4238.7965,4270.62,4219.6,4237.425,0.02954
2026-08-05T19:00:00Z,4236.07,4269.8,4216.3,4237.55,0.216261
2026-08-05T20:00:00Z,4213.1,4262.68,4209.46,4237.1485,0.281566
2026-08-05T21:00:00Z,4240.613,4264.893,4214.2,4239.1665,0.119456
2026-08-05T22:00:00Z,4241.916,4268.14,4213.8,4263.755,0.11602
2026-08-05T23:00:00Z,4264.04,4283.5,4241.778,4261.7875,0.015656
2026-08-06T00:00:00Z,4240.075,4291.2,4240.075,4275.0025,0.224010228
2026-08-06T01:00:00Z,4276.3,4309.24,4240.328,4276.745,0.265166
2026-08-06T02:00:00Z,4276.7175,4313.04,4241.9,4267.155,0.159375
2026-08-06T03:00:00Z,4263.8,4294.8,4225.59,4256.3725,0.249922289
2026-08-06T04:00:00Z,4252.9,4280.31,4220.057,4252.0895,0.12993
2026-08-06T05:00:00Z,4255.45,4283.789,4218.4,4256.8905,0.063042
2026-08-06T06:00:00Z,4281.5,4284.0,4242.688,4244.1405,0.015163
2026-08-06T07:00:00Z,4269.45,4279.354,4221.5,4252.75,0.044414316
2026-08-06T08:00:00Z,4255.297,4292.48,4227.1,4268.515,0.101441
2026-08-06T09:00:00Z,4269.5855,4297.316,4243.9,4263.806,0.144879
2026-08-06T10:00:00Z,4238.262,4287.5,4234.92,4261.793,0.154653205
2026-08-06T11:00:00Z,4263.28,4289.2,4222.093,4255.3835,0.051854
2026-08-06T12:00:00Z,4252.5275,4285.145,4221.79,4242.64,0.207451994
2026-08-06T13:00:00Z,4244.3435,4282.59,4208.69,4260.48,0.081621
2026-08-06T14:00:00Z,4285.06,4290.9,4229.1,4260.785,0.117526
2026-08-06T15:00:00Z,4264.038,4269.685,4197.9,4228.3195,0.112586
2026-08-06T16:00:00Z,4225.176,4259.0,4193.219,4236.397,0.067593
2026-08-06T17:00:00Z,4261.77,4261.77,4209.99,4240.577,0.006332
2026-08-06T18:00:00Z,4237.707,4239.7145,4209.967,4234.1875,0.08052
2026-08-06T19:00:00Z,4237.92,4265.2,4214.2,4240.708,0.038527
2026-08-06T20:00:00Z,4243.3745,4267.9,4213.18,4232.645,0.025559
2026-08-06T21:00:00Z,4235.3,4261.1,4208.1,4232.105,0.15497
2026-08-06T22:00:00Z,4228.45,4261.023,4210.32,4235.8005,0.008637
2026-08-06T23:00:00Z,4237.3665,4269.88,4210.64,4267.545,0.070823
2026-08-07T00:00:00Z,4264.49,4267.9,4217.6,4223.086,0.194753
2026-08-07T01:00:00Z,4224.125,4270.99,4207.302,4249.57,0.218394
2026-08-07T02:00:00Z,4251.267,4276.434,4217.079,4242.5535,0.139766
2026-08-07T03:00:00Z,4245.2355,4276.6,4220.75,4257.6375,0.00762
2026-08-07T04:00:00Z,4259.25,4284.4,4229.2,4257.36,0.060045
2026-08-07T05:00:00Z,4231.61,4294.5,4230.7,4269.22,0.083743
2026-08-07T06:00:00Z,4271.421,4311.294,4251.436,4287.91,0.03272
2026-08-07T07:00:00Z,4285.3,4311.985,4252.0,4282.35,0.035932
2026-08-07T08:00:00Z,4284.782,4330.3,4262.947,4298.1335,0.101641
2026-08-07T09:00:00Z,4324.267,4328.807,4277.9,4307.2025,0.093392
2026-08-07T10:00:00Z,4332.69,4334.567,4278.87,4308.81,0.154703
2026-08-07T11:00:00Z,4309.625,4342.2,4284.5,4313.61,0.075833
2026-08-07T12:00:00Z,4312.0515,4382.87,4278.328,4347.25,0.167275
2026-08-07T13:00:00Z,4349.1695,4381.48,4304.15,4334.475,0.118552
2026-08-07T14:00:00Z,4332.866,4364.96,4295.7,4332.27,0.040372
2026-08-07T15:00:00Z,4334.945,4368.62,4303.547,4331.5785,0.030268
2026-08-07T16:00:00Z,4329.2655,4362.068,4299.7,4319.949,0.051872
2026-08-07T17:00:00Z,4318.9995,4357.63,4296.367,4331.3,0.031997
2026-08-07T18:00:00Z,4357.3,4357.3,4297.261,4325.23,0.015047
2026-08-07T19:00:00Z,4350.36,4364.3,4325.23,4358.8905,0.011511916
2026-08-07T20:00:00Z,4334.3205,4358.99,4305.4,4332.56,0.024973
2026-08-07T21:00:00Z,4334.165,4362.998,4311.05,4334.0,0.022337
2026-08-07T22:00:00Z,4336.735,4367.3,4309.9,4340.795,0.223868
2026-08-07T23:00:00Z,4315.99,4364.96,4314.3,4340.245,0.006146
2026-08-08T00:00:00Z,4366.25,4371.019,4315.819,4341.922,0.023883
2026-08-08T01:00:00Z,4316.123,4367.366,4309.9,4336.3025,0.078932
2026-08-08T02:00:00Z,4335.296,4363.11,4307.0,4336.35,0.047284
2026-08-08T03:00:00Z,4361.7,4362.34,4308.18,4337.294,0.019257
2026-08-08T04:00:00Z,4312.1,4360.8,4304.4,4331.0,0.013301
2026-08-08T05:00:00Z,4306.0,4360.695,4305.981,4334.335,0.060933
2026-08-08T06:00:00Z,4360.76,4362.2,4308.2,4335.279,0.02823
2026-08-08T07:00:00Z,4360.18,4363.8,4308.76,4336.4885,0.022707
2026-08-08T08:00:00Z,4310.86,4363.927,4310.28,4338.64,0.088521
2026-08-08T09:00:00Z,4364.68,4366.6,4313.303,4339.765,0.020609
2026-08-08T10:00:00Z,4314.59,4366.282,4309.99,4336.68,0.043118
2026-08-08T11:00:00Z,4338.8715,4338.8715,4338.8715,4338.8715,0.0
2026-08-08T12:00:00Z,4337.8,4338.66,4337.8,4338.66,0.0
2026-08-08T13:00:00Z,4364.62,4364.62,4313.1,4338.9875,0.010989
2026-08-08T14:00:00Z,4365.21,4366.45,4313.3,4341.4895,0.040104
2026-08-08T15:00:00Z,4339.1335,4368.3,4312.9,4342.0005,0.025849
2026-08-08T16:00:00Z,4339.585,4365.626,4312.811,4339.028,0.030853
2026-08-08T17:00:00Z,4365.826,4365.826,4338.44,4338.5265,0.008877
2026-08-08T18:00:00Z,4363.92,4364.457,4313.667,4339.46,0.01124
2026-08-08T19:00:00Z,4365.4,4365.4,4338.95,4338.95,0.019087
2026-08-08T20:00:00Z,4312.3,4364.8,4312.3,4340.3895,0.049325
2026-08-08T21:00:00Z,4366.609,4366.609,4315.3,4340.305,0.019845
2026-08-08T22:00:00Z,4365.5,4366.3,4315.66,4339.6,0.115671
2026-08-08T23:00:00Z,4343.0995,4371.12,4317.7,4343.865,0.326016
2026-08-09T00:00:00Z,4370.47,4370.647,4318.521,4342.165,0.167665
2026-08-09T01:00:00Z,4317.03,4368.594,4314.01,4342.74,0.007163
2026-08-09T02:00:00Z,4369.37,4370.6,4316.0,4342.796,0.030545
2026-08-09T03:00:00Z,4316.85,4370.4,4314.53,4340.59,0.039363
2026-08-09T04:00:00Z,4365.68,4368.9,4315.5,4341.638,0.053312
2026-08-09T05:00:00Z,4315.7,4370.2,4315.7,4342.8015,0.015289
2026-08-09T06:00:00Z,4368.619,4369.16,4318.231,4343.785,0.014908
2026-08-09T07:00:00Z,4368.4,4378.9,4317.95,4350.2,0.026439
2026-08-09T08:00:00Z,4376.1,4376.77,4320.28,4347.4435,0.39366
2026-08-09T09:00:00Z,4322.625,4373.98,4320.04,4342.939,0.025551
2026-08-09T10:00:00Z,4368.89,4372.276,4317.1,4345.625,0.376744
2026-08-09T11:00:00Z,4372.17,4375.3,4321.67,4346.845,4.917432
2026-08-09T12:00:00Z,4372.0,4376.29,4320.3,4349.443,1.541368
2026-08-09T13:00:00Z,4375.2,4377.2,4323.568,4350.322,0.561044
2026-08-09T14:00:00Z,4374.99,4377.22,4323.009,4351.555,0.104555947
2026-08-09T15:00:00Z,4377.4,4378.43,4324.7,4354.505,0.028178
2026-08-09T16:00:00Z,4380.1,4380.1,4325.6,4352.35,1.308213
2026-08-09T17:00:00Z,4326.3,4378.0,4322.9,4350.3135,0.025307
2026-08-09T18:00:00Z,4376.124,4376.124,4321.877,4348.295,0.016394
2026-08-09T19:00:00Z,4373.47,4377.217,4348.295,4354.065,0.017816
2026-08-09T20:00:00Z,4380.9,4382.2,4342.625,4354.502,0.046352
2026-08-09T21:00:00Z,4381.09,4381.09,4320.1,4345.8125,0.028118
2026-08-09T22:00:00Z,4343.213,4363.0,4327.0995,4360.75,0.003517762
2026-08-09T23:00:00Z,4361.35,4363.2,4307.868,4326.3735,0.214581756
2026-08-10T00:00:00Z,4328.853,4361.71,4305.49,4326.202,0.035121
2026-08-10T01:00:00Z,4323.25,4342.9,4281.904,4317.1035,1.158856
2026-08-10T02:00:00Z,4312.5905,4345.1,4290.071,4311.73,0.049153
2026-08-10T03:00:00Z,4310.55,4344.77,4310.55,4318.837,0.246757
2026-08-10T04:00:00Z,4316.185,4354.679,4289.57,4329.15,0.03321
2026-08-10T05:00:00Z,4326.6515,4363.5,4298.496,4340.015,0.025575
2026-08-10T06:00:00Z,4337.13,4374.5,4308.5,4348.2995,0.181563
2026-08-10T07:00:00Z,4346.595,4376.1,4318.887,4345.45,0.269954
2026-08-10T08:00:00Z,4370.4,4371.12,4311.58,4337.6705,0.033274
2026-08-10T09:00:00Z,4363.761,4364.9,4305.802,4330.8825,0.203005
2026-08-10T10:00:00Z,4356.665,4359.539,4302.74,4327.75,0.021909
2026-08-10T11:00:00Z,4353.0,4353.73,4293.569,4327.54,0.040162
2026-08-10T12:00:00Z,4323.825,4350.875,4296.5,4323.9455,0.026434
2026-08-10T13:00:00Z,4348.801,4353.1,4287.213,4309.9805,0.051594281
2026-08-10T14:00:00Z,4312.46,4368.3,4290.55,4334.591,0.034416
2026-08-10T15:00:00Z,4335.755,4372.7,4310.6,4347.6995,0.071406
2026-08-10T16:00:00Z,4374.1,4374.1,4320.9,4343.5,0.072185
2026-08-10T17:00:00Z,4345.494,4376.87,4320.046,4346.86,0.011548711
2026-08-10T18:00:00Z,4322.03,4388.42,4322.03,4365.785,0.0277148
2026-08-10T19:00:00Z,4343.15,4406.58,4343.15,4377.665,0.100862
2026-08-10T20:00:00Z,4374.77,4404.9,4353.67,4379.7,0.013927
2026-08-10T21:00:00Z,4405.5,4409.6,4355.59,4380.415,0.040777
2026-08-10T22:00:00Z,4406.6,4413.196,4356.286,4389.12,0.023534
2026-08-10T23:00:00Z,4363.1,4415.4,4361.329,4392.735,0.024454096
2026-08-11T00:00:00Z,4367.46,4434.8,4367.46,4400.875,0.047963
2026-08-11T01:00:00Z,4399.9995,4446.224,4379.25,4421.35,0.027966
2026-08-11T02:00:00Z,4419.195,4449.57,4379.65,4401.2295,1.406972
2026-08-11T03:00:00Z,4404.661,4436.0,4380.8,4407.625,0.08012
2026-08-11T04:00:00Z,4434.09,4435.33,4376.4,4400.5495,0.080597
2026-08-11T05:00:00Z,4399.069,4426.2,4336.54,4367.27,0.058149
2026-08-11T06:00:00Z,4370.2,4399.45,4336.4,4361.245,0.023639
2026-08-11T07:00:00Z,4362.9135,4383.77,4326.699,4355.815,0.018958128
2026-08-11T08:00:00Z,4356.86,4396.7,4344.262,4366.37,0.035688
2026-08-11T09:00:00Z,4392.25,4395.831,4341.5,4367.4655,0.032016
2026-08-11T10:00:00Z,4371.65,4402.8,4344.637,4377.6605,0.060094
2026-08-11T11:00:00Z,4379.773,4412.028,4350.8,4382.7005,0.024057763
2026-08-11T12:00:00Z,4409.16,4417.2,4356.68,4387.3785,0.070353
2026-08-11T13:00:00Z,4389.62,4420.86,4359.6,4381.785,0.221128
2026-08-11T14:00:00Z,4379.13,4415.9,4351.26,4388.895,0.075547
2026-08-11T15:00:00Z,4391.55,4417.6,4345.5,4377.15,0.041631
2026-08-11T16:00:00Z,4379.3095,4404.84,4348.46,4378.2175,0.762459
2026-08-11T17:00:00Z,4375.3895,4404.366,4351.8,4366.207,0.007661
2026-08-11T18:00:00Z,4363.7735,4391.547,4332.255,4365.64,0.027107
2026-08-11T19:00:00Z,4363.161,4392.2,4336.4,4365.601,0.049353
2026-08-11T20:00:00Z,4363.895,4390.68,4338.85,4363.605,0.008898
2026-08-11T21:00:00Z,4365.359,4391.065,4337.7,4370.69,0.045682
2026-08-11T22:00:00Z,4367.26,4396.796,4341.961,4362.2,0.00622
2026-08-11T23:00:00Z,4335.9,4388.3,4335.0,4365.6825,0.114910776
2026-08-12T00:00:00Z,4363.18,4403.96,4349.17,4375.697,0.027184
2026-08-12T01:00:00Z,4378.555,4417.54,4355.329,4389.49,0.233515
2026-08-12T02:00:00Z,4362.93,4431.7,4362.93,4405.85,0.093942
2026-08-12T03:00:00Z,4431.8,4431.8,4370.7,4395.3,0.043248
2026-08-12T04:00:00Z,4369.8,4419.73,4364.677,4396.605,0.055209
2026-08-12T05:00:00Z,4370.43,4422.1,4356.2,4387.995,0.594777
2026-08-12T06:00:00Z,4413.7,4425.0,4354.5,4399.235,0.029766
2026-08-12T07:00:00Z,4401.535,4429.381,4370.15,4399.4305,0.212604
2026-08-12T08:00:00Z,4401.47,4430.2,4371.03,4394.8335,0.05765
2026-08-12T09:00:00Z,4420.65,4442.1,4380.5,4409.78,0.032315653
2026-08-12T10:00:00Z,4410.754,4441.7,4382.3,4406.0,0.188015
2026-08-12T11:00:00Z,4408.07,4433.59,4378.5,4407.035,0.085466
2026-08-12T12:00:00Z,4434.0,4815.461711254,4376.751,4426.9945,0.052625
2026-08-12T13:00:00Z,4430.471,4447.9,4391.6,4418.161,0.016971
2026-08-12T14:00:00Z,4415.171,4452.9,4386.3,4411.85,0.597708
2026-08-12T15:00:00Z,4409.55,4442.08,4377.519,4410.208,0.0285
2026-08-12T16:00:00Z,4411.697,4439.6,4382.7,4394.425,0.766633
2026-08-12T17:00:00Z,4392.1685,4418.547,4363.5,4388.642,0.010204
2026-08-12T18:00:00Z,4385.97,4433.23,4359.8,4404.7805,0.022045
2026-08-12T19:00:00Z,4431.2,4431.843,4374.28,4401.875,0.029381
2026-08-12T20:00:00Z,4428.5,4428.5,4372.9,4397.02,0.006478
2026-08-12T21:00:00Z,4370.9,4426.7,4368.6,4397.655,0.017985
2026-08-12T22:00:00Z,4394.305,4420.68,4365.45,4392.969,0.020118
2026-08-12T23:00:00Z,4392.8685,4427.1,4369.76,4404.233,0.020488
2026-08-13T00:00:00Z,4406.8065,4456.4,4391.149,4418.1205,2.071879
2026-08-13T01:00:00Z,4416.4415,4450.502,4385.4,4400.483,0.508666
2026-08-13T02:00:00Z,4427.156,4427.156,4369.7,4398.0835,0.585044
2026-08-13T03:00:00Z,4400.485,4426.8,4365.9,4390.4085,0.042642
2026-08-13T04:00:00Z,4388.0,4415.7,4359.339,4386.8,0.207971
2026-08-13T05:00:00Z,4412.8,4421.8,4353.989,4374.5015,0.309197
2026-08-13T06:00:00Z,4376.569,4397.911,4343.4,4371.2845,0.783208
2026-08-13T07:00:00Z,4373.33,4398.007,4340.202,4363.9,0.046827
2026-08-13T08:00:00Z,4359.57,4397.8,4334.93,4371.435,0.068005
2026-08-13T09:00:00Z,4369.9,4402.27,4348.7,4377.5515,0.112478
2026-08-13T10:00:00Z,4403.8,4406.231,4352.6,4384.668,0.01693
2026-08-13T11:00:00Z,4410.036,4415.621,4350.19,4380.05,0.027421415
2026-08-13T12:00:00Z,4406.3,4413.31,4358.6,4394.434,0.048198
2026-08-13T13:00:00Z,4392.155,4396.3,4344.6,4367.512,0.020533
2026-08-13T14:00:00Z,4370.09,4400.2,4341.2,4378.88,0.017998
2026-08-13T15:00:00Z,4376.185,4392.796,4339.92,4360.65,0.027301
2026-08-13T16:00:00Z,4361.8205,4387.6,4325.8,4363.776,0.038492
2026-08-13T17:00:00Z,4338.2,4414.67,4327.664,4351.45,11.68025423
2026-08-13T18:00:00Z,4353.8475,4378.949,4350.84,4350.84,0.22375
2026-08-13T19:00:00Z,4352.945,4375.3,4342.177,4343.605,0.018373
2026-08-13T20:00:00Z,4342.135,4370.152,4342.135,4346.6695,0.003703
2026-08-13T21:00:00Z,4348.6,4375.921,4325.4,4348.6245,0.094938
2026-08-13T22:00:00Z,4323.129,4355.085,4322.77,4350.25,0.006956
2026-08-13T23:00:00Z,4347.975,4381.25,4329.15,4352.2265,0.045869
2026-08-14T00:00:00Z,4356.235,4372.562,4323.7,4337.5365,0.767724
2026-08-14T01:00:00Z,4336.63,4349.242,4287.8,4317.756,0.298377
2026-08-14T02:00:00Z,4343.012,4346.0,4314.645,4315.885,0.063603
2026-08-14T03:00:00Z,4292.09,4353.0,4292.09,4326.6015,0.271603
2026-08-14T04:00:00Z,4300.993,4353.6,4298.155,4325.9625,0.14159
2026-08-14T05:00:00Z,4352.285,4358.434,4289.6,4330.94,0.111766
2026-08-14T06:00:00Z,4333.69,4361.019,4305.7,4336.91,0.567631372
2026-08-14T07:00:00Z,4334.265,4371.614,4309.4,4344.59,0.022333
2026-08-14T08:00:00Z,4347.585,4373.6,4320.18,4347.23,0.042049
2026-08-14T09:00:00Z,4321.25,4380.72,4321.25,4356.67,0.152913722
2026-08-14T10:00:00Z,4382.82,4383.1,4324.7,4348.985,0.043682
2026-08-14T11:00:00Z,4345.9,4390.6,4320.52,4364.2,0.056449
2026-08-14T12:00:00Z,4365.418,4402.32,4344.0,4367.768,0.062925467
2026-08-14T13:00:00Z,4366.24,4412.72,4340.96,4377.3,0.066075
2026-08-14T14:00:00Z,4402.7,4408.355,4346.806,4373.65,0.065088
2026-08-14T15:00:00Z,4375.1485,4411.061,4346.53,4381.84,0.062141
2026-08-14T16:00:00Z,4385.16,4409.2,4346.2,4377.422,0.049751
2026-08-14T17:00:00Z,4375.0395,4400.3,4345.5,4368.564,0.012919
2026-08-14T18:00:00Z,4343.0,4398.917,4339.856,4365.489,0.05076
2026-08-14T19:00:00Z,4391.41,4395.523,4342.23,4365.41,0.017629
2026-08-14T20:00:00Z,4390.58,4394.4,4338.7,4365.755,0.031211
2026-08-14T21:00:00Z,4367.24,4400.6,4343.9,4372.6085,0.035072
2026-08-14T22:00:00Z,4375.2405,4401.091,4371.869,4371.869,0.003889
2026-08-14T23:00:00Z,4397.78,4401.182,4348.6,4376.4,0.020328
2026-08-15T00:00:00Z,4350.7,4403.9,4346.4,4373.025,0.101185
2026-08-15T01:00:00Z,4347.75,4400.26,4344.8,4369.5025,0.052160125
2026-08-15T02:00:00Z,4395.34,4400.524,4342.9,4372.3505,0.039074
2026-08-15T03:00:00Z,4346.831,4402.0,4346.831,4374.8985,0.020359
2026-08-15T04:00:00Z,4401.397,4402.5,4348.524,4375.7,0.35445
2026-08-15T05:00:00Z,4349.33,4402.1,4348.9,4374.455,0.028145876
2026-08-15T06:00:00Z,4372.42,4399.141,4343.5,4371.9225,0.022827
2026-08-15T07:00:00Z,4397.7,4401.63,4371.625,4375.75,0.02446
2026-08-15T08:00:00Z,4401.7,4401.7,4345.5,4371.8615,0.035978
2026-08-15T09:00:00Z,4345.993,4400.4,4345.993,4373.462,0.025298
2026-08-15T10:00:00Z,4398.674,4399.196,4346.307,4371.97,0.044677
2026-08-15T11:00:00Z,4346.9,4399.2,4345.71,4371.5225,0.028078
2026-08-15T12:00:00Z,4344.8,4399.206,4344.8,4372.85,0.023856
2026-08-15T13:00:00Z,4399.3,4399.97,4346.43,4374.3325,0.094614
2026-08-15T14:00:00Z,4348.565,4400.44,4346.687,4373.24,0.201592
2026-08-15T15:00:00Z,4399.18,4399.18,4346.6,4372.184,0.022296
2026-08-15T16:00:00Z,4346.4,4398.95,4345.84,4373.19,0.027255
2026-08-15T17:00:00Z,4399.58,4399.58,4346.8,4371.5055,0.011195
2026-08-15T18:00:00Z,4397.221,4399.5,4346.449,4373.3,0.020659
2026-08-15T19:00:00Z,4399.6,4399.6,4347.4,4373.75,0.014666
2026-08-15T20:00:00Z,4399.8,4400.628,4348.0,4373.802,0.00475
2026-08-15T21:00:00Z,4399.0,4399.0,4346.83,4374.39,0.010729
2026-08-15T22:00:00Z,4372.4,4400.122,4371.9,4374.17,0.007035
2026-08-15T23:00:00Z,4400.0,4400.898,4348.2,4374.547,0.013542
2026-08-16T00:00:00Z,4348.4,4400.7,4348.4,4374.885,0.192663
2026-08-16T01:00:00Z,4401.32,4401.32,4349.19,4373.465,0.00328
2026-08-16T02:00:00Z,4399.63,4399.888,4346.776,4373.95,0.019945
2026-08-16T03:00:00Z,4347.3,4400.65,4347.3,4375.128,0.017557
2026-08-16T04:00:00Z,4401.4,4401.4,4347.51,4373.12,0.016463
2026-08-16T05:00:00Z,4346.5,4403.9,4346.5,4378.235,0.013619
2026-08-16T06:00:00Z,4352.41,4403.6,4349.905,4375.4345,0.021045
2026-08-16T07:00:00Z,4400.72,4402.176,4347.9,4374.275,0.04524
2026-08-16T08:00:00Z,4399.9,4401.9,4349.56,4375.56,0.007414
2026-08-16T09:00:00Z,4349.82,4402.0,4347.86,4374.555,0.021657
2026-08-16T10:00:00Z,4400.6,4401.008,4346.17,4374.105,0.014968
2026-08-16T11:00:00Z,4400.0,4400.71,4347.2,4373.39,0.044402
2026-08-16T12:00:00Z,4399.54,4399.54,4345.838,4372.399,0.042272
2026-08-16T13:00:00Z,4398.76,4399.179,4346.478,4372.724,0.01963
2026-08-16T14:00:00Z,4346.27,4397.083,4345.1,4370.94,0.022466
2026-08-16T15:00:00Z,4344.5,4398.9,4343.948,4371.5505,0.013953
2026-08-16T16:00:00Z,4345.4,4402.328,4345.4,4375.7,0.017907
2026-08-16T17:00:00Z,4349.3,4402.6,4349.3,4375.77,0.012938
2026-08-16T18:00:00Z,4401.3,4402.74,4371.935,4371.935,0.005653
2026-08-16T19:00:00Z,4345.52,4399.3,4345.52,4371.9,0.148362
2026-08-16T20:00:00Z,4398.4,4398.4,4342.5,4371.99,0.018936
2026-08-16T21:00:00Z,4346.5,4393.8,4340.143,4371.0565,0.180083
2026-08-16T22:00:00Z,4369.1035,4393.31,4342.92,4377.439,0.112996
2026-08-16T23:00:00Z,4376.1,4402.0,4340.598,4361.85,0.021579
2026-08-17T00:00:00Z,4365.15,4415.516,4338.4,4392.8465,0.193529
2026-08-17T01:00:00Z,4396.085,4428.87,4365.8,4385.805,0.024268
2026-08-17T02:00:00Z,4389.159,4413.39,4357.15,4383.77,0.068047
2026-08-17T03:00:00Z,4385.98,4417.47,4357.9,4391.585,0.013638
2026-08-17T04:00:00Z,4417.9,4417.9,4363.83,4384.5115,0.021491
2026-08-17T05:00:00Z,4358.5,4412.9,4358.5,4388.1,0.010099
2026-08-17T06:00:00Z,4389.9,4421.93,4361.9,4395.0685,0.015656
2026-08-17T07:00:00Z,4368.6,4424.564,4363.6,4400.09,0.051699
2026-08-17T08:00:00Z,4396.0385,4422.656,4370.6,4389.75,0.006205
2026-08-17T09:00:00Z,4415.6,4417.071,4363.318,4387.9145,0.02805
2026-08-17T10:00:00Z,4389.175,4398.65,4364.93,4393.24,0.006675
2026-08-17T11:00:00Z,4394.784,4424.305,4368.646,4391.26,0.023518886
2026-08-17T12:00:00Z,4418.12,4418.12,4352.1,4379.795,0.073294
2026-08-17T13:00:00Z,4381.6375,4406.82,4352.944,4401.6325,0.016489
2026-08-17T14:00:00Z,4399.175,4438.952,4371.03,4408.5985,0.056304501
2026-08-17T15:00:00Z,4410.85,4441.7,4383.46,4416.5945,0.015779
2026-08-17T16:00:00Z,4390.789,4444.63,4387.519,4414.153,0.103515
2026-08-17T17:00:00Z,4416.166,4440.179,4382.8,4404.5005,0.005908
2026-08-17T18:00:00Z,4403.9,4421.37,4378.579,4399.5215,0.004248
2026-08-17T19:00:00Z,4397.239,4436.9,4371.1,4410.125,0.027747
2026-08-17T20:00:00Z,4383.8,4434.7,4383.8,4406.794,0.005618
2026-08-17T21:00:00Z,4379.86,4434.918,4379.4,4406.4675,0.03101479
2026-08-17T22:00:00Z,4432.1,4433.4,4377.3,4403.228,0.312094
2026-08-17T23:00:00Z,4406.755,4440.139,4387.967,4413.995,0.005873
2026-08-18T00:00:00Z,4415.8,4447.08,4388.7,4422.285,0.055625
2026-08-18T01:00:00Z,4424.8725,4439.5,4380.9,4402.065,0.044398
2026-08-18T02:00:00Z,4399.855,4423.8,4365.78,4391.17,0.010285
2026-08-18T03:00:00Z,4394.77,4413.9,4359.4,4385.586,0.088066
2026-08-18T04:00:00Z,4358.872,4413.8,4358.4,4387.883,0.38213
2026-08-18T05:00:00Z,4385.9845,4416.311,4355.511,4389.8,0.053915
2026-08-18T06:00:00Z,4388.105,4417.31,4360.537,4391.349,1.458087
2026-08-18T07:00:00Z,4417.298,4421.936,4366.675,4389.8,0.035682
2026-08-18T08:00:00Z,4388.315,4415.908,4382.29,4386.9745,0.029587
2026-08-18T09:00:00Z,4413.538,4414.66,4357.73,4387.05,1.838767
2026-08-18T10:00:00Z,4361.5,4412.654,4359.784,4391.1,0.025825
2026-08-18T11:00:00Z,4416.8,4416.8,4361.4,4389.0125,0.040423
2026-08-18T12:00:00Z,4388.15,4417.423,4360.7,4389.24,0.025633
2026-08-18T13:00:00Z,4386.2145,4421.79,4358.7,4389.09,0.060046
2026-08-18T14:00:00Z,4390.9615,4418.1,4362.4,4362.4,0.099294
2026-08-18T15:00:00Z,4365.1,4397.796,4331.5,4364.745,0.149549474
2026-08-18T16:00:00Z,4367.115,4393.29,4339.66,4362.2565,0.083892
2026-08-18T17:00:00Z,4387.74,4387.74,4334.05,4356.47,0.01397
2026-08-18T18:00:00Z,4353.272,4382.63,4333.31,4355.378,0.00642
2026-08-18T19:00:00Z,4357.0345,4381.457,4328.84,4344.5545,0.030268
2026-08-18T20:00:00Z,4341.3965,4362.4,4307.4,4334.95,0.031617
2026-08-18T21:00:00Z,4337.585,4367.224,4315.311,4338.355,0.021592
2026-08-18T22:00:00Z,4364.08,4364.08,4311.326,4332.2,0.012091
2026-08-18T23:00:00Z,4336.124,4363.0,4304.0,4332.028,0.416447
2026-08-19T00:00:00Z,4334.155,4363.95,4332.93,4332.93,0.006158
2026-08-19T01:00:00Z,4332.1325,4377.83,4309.44,4352.03,0.071611
2026-08-19T02:00:00Z,4349.5445,4379.662,4324.6,4348.4655,0.014121
2026-08-19T03:00:00Z,4351.43,4380.0,4322.273,4351.35,0.38017
2026-08-19T04:00:00Z,4348.43,4374.215,4318.0,4341.9285,0.030921
2026-08-19T05:00:00Z,4344.69,4363.24,4308.6,4334.235,0.030247
2026-08-19T06:00:00Z,4335.146,4366.02,4316.468,4342.375,0.015812
2026-08-19T07:00:00Z,4316.4,4379.086,4316.4,4350.176,0.172352
2026-08-19T08:00:00Z,4348.0565,4381.62,4327.0,4349.6185,0.032147
2026-08-19T09:00:00Z,4323.73,4380.97,4323.73,4354.2,0.017377
2026-08-19T10:00:00Z,4380.4,4388.83,4328.528,4359.962,0.033628
2026-08-19T11:00:00Z,4362.705,4392.009,4332.4,4359.2065,0.008852
2026-08-19T12:00:00Z,4334.0,4453.3,4334.0,4426.75,0.06729
2026-08-19T13:00:00Z,4424.955,4478.5,4413.9,4448.718,0.102481
2026-08-19T14:00:00Z,4447.7705,4504.41,4438.6,4478.5,0.105315
2026-08-19T15:00:00Z,4475.125,4507.973,4446.18,4483.2555,0.083153
2026-08-19T16:00:00Z,4485.4875,4514.936,4454.258,4482.6085,0.221399
2026-08-19T17:00:00Z,4484.39,4509.887,4446.0,4472.4975,0.081716
2026-08-19T18:00:00Z,4476.56,4508.7,4445.1,4482.435,0.008365
2026-08-19T19:00:00Z,4485.6715,4523.7,4465.4,4497.295,0.032906
2026-08-19T20:00:00Z,4496.5275,4532.861,4481.0,4493.73,0.00255398
2026-08-19T21:00:00Z,4492.32,4541.5,4481.662,4512.855,0.049588
2026-08-19T22:00:00Z,4509.54,4532.703,4477.426,4491.375,0.130034
2026-08-19T23:00:00Z,4478.6,4533.276,4469.818,4495.8,0.09908753
2026-08-20T00:00:00Z,4469.44,4520.65,4461.36,4486.47,0.128135
2026-08-20T01:00:00Z,4488.945,4510.0,4451.0,4472.779,0.06703
2026-08-20T02:00:00Z,4474.253,4508.5,4448.714,4454.635,0.155238
2026-08-20T03:00:00Z,4447.42,4505.4,4447.42,4481.15,0.211109
2026-08-20T04:00:00Z,4508.4,4508.4,4442.7,4471.6975,0.425692
2026-08-20T05:00:00Z,4446.8525,4496.183,4443.218,4464.9705,0.21753499
2026-08-20T06:00:00Z,4437.8,4504.632,4437.8,4476.877,0.062817
2026-08-20T07:00:00Z,4472.9755,4501.01,4440.215,4474.8845,0.121341
2026-08-20T08:00:00Z,4475.895,4506.083,4444.8,4471.5735,0.067037
2026-08-20T09:00:00Z,4445.241,4503.4,4443.78,4464.7885,0.081056
2026-08-20T10:00:00Z,4438.69,4506.4,4438.69,4476.3,0.04001
2026-08-20T11:00:00Z,4473.66,4500.56,4429.1,4454.81,0.253212
2026-08-20T12:00:00Z,4452.1305,4489.1,4415.29,4462.6,0.065850393
2026-08-20T13:00:00Z,4465.15,4500.057,4433.86,4469.05,0.191095
2026-08-20T14:00:00Z,4471.675,4525.94,4446.65,4502.405,0.079546474
2026-08-20T15:00:00Z,4504.5375,4551.6,4479.6,4508.96,0.110836
2026-08-20T16:00:00Z,4511.045,4525.8,4468.011,4497.555,0.070899
2026-08-20T17:00:00Z,4470.5,4533.6,4470.5,4507.4395,0.336045999
2026-08-20T18:00:00Z,4479.979,4537.745,4478.49,4509.1985,0.016641
2026-08-20T19:00:00Z,4507.715,4543.2,4489.7517171715,4491.8217171715,0.028313566
2026-08-20T20:00:00Z,4492.343434343,4540.883663366,4481.391,4506.7025,0.013950882
2026-08-20T21:00:00Z,4533.728,4534.9,4480.5,4506.28,0.106014611
2026-08-20T22:00:00Z,4508.208,4533.33,4481.623,4510.465,0.139183
2026-08-20T23:00:00Z,4536.53,4546.3,4483.6,4512.905,0.057
2026-08-21T00:00:00Z,4485.8,4539.7,4471.9,4497.024,0.06074
2026-08-21T01:00:00Z,4500.14,4548.953,4475.6,4516.175,1.237391
2026-08-21T02:00:00Z,4514.342,4553.1,4483.8,4521.85,0.280803
2026-08-21T03:00:00Z,4523.1245,4548.1,4491.446,4521.819,0.04187
2026-08-21T04:00:00Z,4523.5,4556.066,4496.44,4527.0345,0.213887
2026-08-21T05:00:00Z,4525.12,4552.7,4491.542,4538.904,0.212788
2026-08-21T06:00:00Z,4537.28,4578.1,4512.4,4549.6165,0.083895
2026-08-21T07:00:00Z,4521.93,4581.37,4521.6,4553.85,0.073554
2026-08-21T08:00:00Z,4551.4795,4600.265,4523.7,4573.13,0.100983
2026-08-21T09:00:00Z,4601.0,4614.3,4542.517,4571.017,0.353711
2026-08-21T10:00:00Z,4573.747,4611.151,4544.0,4581.804,0.052668
2026-08-21T11:00:00Z,4554.608,4618.452,4554.15,4587.05,0.25195
2026-08-21T12:00:00Z,4559.9,4607.085,4537.1,4564.915,0.116454
2026-08-21T13:00:00Z,4566.185,4604.459,4539.5,4570.765,0.641674
2026-08-21T14:00:00Z,4568.09,4616.2,4545.36,4578.625,0.139185
2026-08-21T15:00:00Z,4551.94,4625.58,4551.94,4602.208,0.145135
2026-08-21T16:00:00Z,4629.866,4630.8,4573.96,4614.3,0.067122
2026-08-21T17:00:00Z,4617.2595,4645.3,4582.5,4611.0445,0.205893
2026-08-21T18:00:00Z,4637.89,4644.132,4582.01,4611.55,0.159812
2026-08-21T19:00:00Z,4614.517,4639.426,4578.9,4607.64,0.037725
2026-08-21T20:00:00Z,4604.1555,4635.25,4574.98,4592.9035,0.015546
2026-08-21T21:00:00Z,4619.207,4625.491,4566.45,4589.55,0.015589
2026-08-21T22:00:00Z,4592.228,4620.618,4561.389,4597.925,0.043767
2026-08-21T23:00:00Z,4600.89,4627.7,4572.75,4600.525,0.04574
2026-08-22T00:00:00Z,4598.3,4626.36,4567.7,4594.35,0.079812
2026-08-22T01:00:00Z,4567.0,4622.68,4564.47,4594.2175,0.045819
2026-08-22T02:00:00Z,4620.835,4624.9,4564.9,4594.232,0.247223
2026-08-22T03:00:00Z,4620.674,4620.88,4564.376,4593.695,0.021589
2026-08-22T04:00:00Z,4592.265,4620.945,4563.6,4593.278,0.156082
2026-08-22T05:00:00Z,4565.636,4620.88,4555.09,4587.7255,0.16459364
2026-08-22T06:00:00Z,4615.851,4615.851,4551.67,4584.291,0.151527
2026-08-22T07:00:00Z,4587.35,4618.36,4559.48,4590.628,0.013149
2026-08-22T08:00:00Z,4563.256,4618.6,4559.01,4588.255,0.054378
2026-08-22T09:00:00Z,4615.3,4618.67,4561.9,4588.716,0.105305
2026-08-22T10:00:00Z,4591.89,4617.67,4561.573,4590.028,0.109156
2026-08-22T11:00:00Z,4586.21,4586.21,4584.5195,4585.76,0.0
2026-08-22T12:00:00Z,4557.4,4586.455,4557.4,4585.449,0.00290835
2026-08-22T13:00:00Z,4948.893997055,4948.893997055,4584.4535,4584.4535,0.0
2026-08-22T14:00:00Z,4612.3,4613.19,4557.1,4585.11,0.056634
2026-08-22T15:00:00Z,4612.9,4612.9,4555.0,4584.1245,0.049336
2026-08-22T16:00:00Z,4611.861,4616.34,4560.0,4586.3675,0.051919501
2026-08-22T17:00:00Z,4588.905,4590.099,4561.44,4587.3,0.001061
2026-08-22T18:00:00Z,4614.4,4616.4,4560.4,4586.261,0.143384
2026-08-22T19:00:00Z,4613.822,4615.85,4585.1225,4587.87,0.004268
2026-08-22T20:00:00Z,4615.64,4615.64,4584.817,4584.817,0.006515
2026-08-22T21:00:00Z,4612.7,4614.619,4558.84,4585.315,0.227461
2026-08-22T22:00:00Z,4557.84,4613.27,4556.9,4584.6045,0.015019
2026-08-22T23:00:00Z,4557.309,4612.51,4557.309,4586.4,0.292731
2026-08-23T00:00:00Z,4560.2,4613.93,4557.858,4585.74,0.244225
2026-08-23T01:00:00Z,4558.06,4614.0,4557.494,4586.743,0.020938
2026-08-23T02:00:00Z,4613.886,4613.886,4557.41,4584.8465,0.112534
2026-08-23T03:00:00Z,4557.277,4615.6,4557.02,4587.1115,0.093180593
2026-08-23T04:00:00Z,4558.743,4617.1,4558.743,4586.075,0.079706727
2026-08-23T05:00:00Z,4558.06,4614.401,4558.027,4584.999,0.105028219
2026-08-23T06:00:00Z,4612.59,4616.499,4559.003,4588.67,0.029322
2026-08-23T07:00:00Z,4561.7,4618.302,4561.364,4590.5445,0.069115
2026-08-23T08:00:00Z,4616.809,4617.93,4561.94,4588.314,0.067267827
2026-08-23T09:00:00Z,4560.428,4617.9,4560.428,4589.595,0.111071
2026-08-23T10:00:00Z,4616.62,4624.5,4561.1,4596.5,0.017874827
2026-08-23T11:00:00Z,4598.25,4632.635,4569.214,4603.11,0.061506
2026-08-23T12:00:00Z,4630.0,4630.0,4573.29,4603.039,0.029413
2026-08-23T13:00:00Z,4575.8,4631.747,4575.17,4601.68,0.179752
2026-08-23T14:00:00Z,4629.46,4629.46,4569.2,4598.298,0.068961
2026-08-23T15:00:00Z,4625.42,4629.65,4571.355,4603.275,0.048743328
2026-08-23T16:00:00Z,4576.94,4632.97,4572.8,4602.8625,0.150696137
2026-08-23T17:00:00Z,4629.8,4635.6,4576.386,4605.43,0.009369
2026-08-23T18:00:00Z,4578.44,4634.1,4577.0,4605.7165,0.251663
2026-08-23T19:00:00Z,4608.287,4636.33,4580.4,4607.6015,0.442552
2026-08-23T20:00:00Z,4579.223,4636.947,4579.223,4607.0235,0.010399
2026-08-23T21:00:00Z,4580.23,4630.462,4580.23,4605.705,0.025037
2026-08-23T22:00:00Z,4608.66,4634.893,4578.492,4597.97,0.102679
2026-08-23T23:00:00Z,4595.073,4628.287,4570.616,4615.145,0.011951
2026-08-24T00:00:00Z,4643.6,4659.3,4571.1,4609.995,0.051082
2026-08-24T01:00:00Z,4613.6,4645.851,4577.82,4623.3695,0.268438
2026-08-24T02:00:00Z,4621.355,4672.497,4598.9,4635.24,0.099863
2026-08-24T03:00:00Z,4608.4,4667.1,4602.393,4631.9155,0.220081
2026-08-24T04:00:00Z,4628.9865,4658.72,4600.36,4631.343,0.364802
2026-08-24T05:00:00Z,4632.7,4665.2,4599.0,4633.15,0.174515
2026-08-24T06:00:00Z,4634.75,4676.44,4607.69,4641.625,0.565026
2026-08-24T07:00:00Z,4643.6925,4669.56,4601.2,4634.5115,0.027512
2026-08-24T08:00:00Z,4632.6875,4663.9,4598.571,4630.215,0.136392
2026-08-24T09:00:00Z,4631.7975,4661.1,4602.4,4635.495,0.018743
2026-08-24T10:00:00Z,4639.0785,4669.86,4606.5,4635.675,0.347669
2026-08-24T11:00:00Z,4633.4165,4676.052,4608.244,4649.107,0.155711
2026-08-24T12:00:00Z,4622.4,4684.5,4617.45,4654.9,0.046771
2026-08-24T13:00:00Z,4657.45,4697.03,4628.5,4657.2615,0.216324
2026-08-24T14:00:00Z,4658.7685,4690.46,4630.23,4663.765,2.010175
2026-08-24T15:00:00Z,4661.835,4696.72,4615.0,4642.34,1.607286
2026-08-24T16:00:00Z,4645.0785,4683.532,4620.56,4640.115,0.198216
2026-08-24T17:00:00Z,4637.355,4676.44,4603.988,4631.062,0.033256
2026-08-24T18:00:00Z,4634.48,4659.39,4596.2,4631.3055,0.650659383
2026-08-24T19:00:00Z,4633.795,4670.23,4606.059,4644.84,0.024311
2026-08-24T20:00:00Z,4647.38,4677.207,4623.1,4645.2165,0.023082
2026-08-24T21:00:00Z,4617.826,4673.767,4616.1,4649.692,1.824721
2026-08-24T22:00:00Z,4646.9525,4681.66,4626.2,4658.555,0.030085
2026-08-24T23:00:00Z,4660.2835,4693.9,4636.7,4673.1035,0.034239
2026-08-25T00:00:00Z,4675.477,4712.16,4647.123,4677.465,0.0325
2026-08-25T01:00:00Z,4674.75,4699.501,4636.118,4650.655,0.059592
2026-08-25T02:00:00Z,4653.042,4675.2,4609.8,4621.885,0.108476
2026-08-25T03:00:00Z,4649.17,4660.31,4596.588,4624.635,0.272774
2026-08-25T04:00:00Z,4598.0,4652.396,4591.93,4617.6575,0.225199
2026-08-25T05:00:00Z,4620.1565,4667.19,4601.731,4633.5,0.087808
2026-08-25T06:00:00Z,4605.4,4669.332,4603.37,4627.511,0.041677
2026-08-25T07:00:00Z,4630.24,4660.446,4596.64,4623.645,0.056303
2026-08-25T08:00:00Z,4620.17,4657.259,4589.61,4621.4905,0.101108
2026-08-25T09:00:00Z,4618.659,4658.9,4592.526,4627.7,0.640178
2026-08-25T10:00:00Z,4626.235,4658.6,4597.368,4630.4455,0.077708
2026-08-25T11:00:00Z,4628.43,4662.126,4603.689,4634.55,0.02256
2026-08-25T12:00:00Z,4631.021,4657.762,4599.455,4631.0955,0.023410957
2026-08-25T13:00:00Z,4629.6,4655.86,4576.01,4607.4175,0.042871
2026-08-25T14:00:00Z,4609.8,4651.48,4583.118,4626.5335,0.447579
2026-08-25T15:00:00Z,4624.545,4674.3,4618.843,4644.4095,0.010333
2026-08-25T16:00:00Z,4640.68,4659.333,4606.52,4635.5985,0.03844
2026-08-25T17:00:00Z,4634.55,4660.65,4627.325,4636.88,0.007395
2026-08-25T18:00:00Z,4608.5,4670.0,4608.5,4645.112,0.081469
2026-08-25T19:00:00Z,4647.4,4686.1,4626.91,4657.8,0.042356
2026-08-25T20:00:00Z,4685.3,4685.3,4625.587,4650.245,0.009725
2026-08-25T21:00:00Z,4652.005,4681.338,4620.22,4652.83,0.026125
2026-08-25T22:00:00Z,4651.71,4687.33,4632.4,4664.6,0.017576
2026-08-25T23:00:00Z,4662.3,4690.2,4619.2,4647.135,0.045391623
2026-08-26T00:00:00Z,4650.95,4673.6,4608.522,4629.5395,0.119517923
2026-08-26T01:00:00Z,4626.438,4672.223,4607.27,4648.8,0.148831741
2026-08-26T02:00:00Z,4676.1,4685.4,4619.49,4649.814,0.144804
2026-08-26T03:00:00Z,4646.45,4671.3,4608.3,4636.322,0.136894184
2026-08-26T04:00:00Z,4664.27,4664.27,4606.671,4631.896,0.061118
2026-08-26T05:00:00Z,4604.398,4664.9,4604.398,4629.4735,0.095057
2026-08-26T06:00:00Z,4632.8485,4653.976,4589.8,4626.421,0.134915
2026-08-26T07:00:00Z,4629.335,4658.2,4594.5,4622.066,0.502608
2026-08-26T08:00:00Z,4595.3,4651.457,4589.2,4621.025,0.087684
2026-08-26T09:00:00Z,4623.89,4648.199,4583.4,4616.772,0.063301
2026-08-26T10:00:00Z,4614.896,4644.3,4583.18,4613.05,0.322215
2026-08-26T11:00:00Z,4611.36,4643.11,4584.14,4618.3995,0.750197896
2026-08-26T12:00:00Z,4591.999,4650.6,4585.2,4609.331,0.100403465
2026-08-26T13:00:00Z,4606.5955,4648.74,4592.815,4624.07,0.7116779
2026-08-26T14:00:00Z,4625.61,4653.5,4576.1,4598.35,0.073488725
2026-08-26T15:00:00Z,4596.204,4628.186,4557.259,4592.51,0.143918
2026-08-26T16:00:00Z,4589.76,4618.91,4556.21,4587.281,0.04988
2026-08-26T17:00:00Z,4589.892,4619.83,4562.586,4592.383,0.137521
2026-08-26T18:00:00Z,4594.7705,4625.478,4561.25,4588.81,0.057782
2026-08-26T19:00:00Z,4587.1475,4622.545,4562.0,4589.145,0.016949
2026-08-26T20:00:00Z,4615.99,4616.2,4579.8425,4588.7515,0.023439557
2026-08-26T21:00:00Z,4562.303,4621.31,4562.303,4595.37,0.081679
2026-08-26T22:00:00Z,4598.25,4633.547,4570.25,4606.25,0.070632
2026-08-26T23:00:00Z,4602.45,4646.1,4585.5,4617.175,0.074883
2026-08-27T00:00:00Z,4590.65,4645.2,4569.56,4597.9145,0.161827345
2026-08-27T01:00:00Z,4599.955,4643.867,4598.3335,4633.054,0.058983
2026-08-27T02:00:00Z,4633.78,4662.185,4594.33,4621.54,0.157519
2026-08-27T03:00:00Z,4593.9,4651.51,4592.4,4617.23,0.082508
2026-08-27T04:00:00Z,4619.578,4647.84,4584.85,4611.0255,0.018812
2026-08-27T05:00:00Z,4583.811,4641.9,4574.26,4600.52,0.17169
2026-08-27T06:00:00Z,4598.4115,4631.09,4569.61,4593.31,0.042176
2026-08-27T07:00:00Z,4596.07,4622.54,4564.4,4594.35,0.014481
2026-08-27T08:00:00Z,4622.2,4624.56,4567.3,4593.6515,0.029596
2026-08-27T09:00:00Z,4620.063,4620.063,4552.33,4574.4,0.055581
2026-08-27T10:00:00Z,4546.5,4607.82,4537.6,4584.446,0.261171
2026-08-27T11:00:00Z,4580.915,4620.1,4580.915,4591.75,0.04694
2026-08-27T12:00:00Z,4620.2,4620.2,4563.6,4582.6335,0.125114
2026-08-27T13:00:00Z,4578.5,4612.0,4534.4,4567.196,0.146606
2026-08-27T14:00:00Z,4566.0,4614.0,4541.2,4585.011,1.092836
2026-08-27T15:00:00Z,4588.045,4620.329,4566.22,4602.0915,0.030304
2026-08-27T16:00:00Z,4574.9,4632.467,4570.07,4605.1335,0.044312
2026-08-27T17:00:00Z,4607.0835,4630.3,4573.39,4598.435,0.022696
2026-08-27T18:00:00Z,4571.0,4628.84,4570.848,4602.025,0.109724
2026-08-27T19:00:00Z,4604.63,4633.38,4597.981,4600.6,0.00458
2026-08-27T20:00:00Z,4599.3755,4626.251,4594.5655,4594.5655,0.006207
2026-08-27T21:00:00Z,4567.131,4620.58,4566.04,4593.9465,0.017577
2026-08-27T22:00:00Z,4597.145,4624.6,4567.401,4601.885,0.04733
2026-08-27T23:00:00Z,4629.37,4629.37,4561.6,4587.832,0.05785
2026-08-28T00:00:00Z,4584.8115,4617.1,4560.248,4579.5995,0.10177876
2026-08-28T01:00:00Z,4582.5335,4616.042,4542.13,4570.6755,0.297846
2026-08-28T02:00:00Z,4543.833,4605.631,4543.833,4579.7975,0.08712
2026-08-28T03:00:00Z,4553.197,4609.25,4543.546,4571.419,0.990098
2026-08-28T04:00:00Z,4598.938,4604.24,4543.72,4579.005,0.110956199
2026-08-28T05:00:00Z,4575.1805,4602.46,4544.24,4566.975,0.045652
2026-08-28T06:00:00Z,4593.75,4614.84,4540.691,4602.07,0.333658629
2026-08-28T07:00:00Z,4600.129,4634.2,4576.7,4606.9325,0.040191
2026-08-28T08:00:00Z,4608.792,4632.54,4566.887,4597.08,0.04809
2026-08-28T09:00:00Z,4624.5,4940.4411047195,4568.407,4599.187,0.047986
2026-08-28T10:00:00Z,4572.134,4940.4411047195,4563.56,4591.593,0.031166
2026-08-28T11:00:00Z,4593.73,4619.57,4562.56,4585.8925,0.036207
2026-08-28T12:00:00Z,4587.825,4624.55,4557.9,4593.312,0.051441
2026-08-28T13:00:00Z,4595.325,4638.1,4561.62,4600.945,0.128406
2026-08-28T14:00:00Z,4596.0,4624.9,4526.1725,4572.72,0.081998576
2026-08-28T15:00:00Z,4574.6215,4597.29,4506.77,4519.995,0.081235962
2026-08-28T16:00:00Z,4516.695,4543.934,4455.43,4478.362,0.073495
2026-08-28T17:00:00Z,4475.7,4503.602,4447.0,4470.4,0.0257655
2026-08-28T18:00:00Z,4469.54,4479.98,4426.43,4454.811,0.229063583
2026-08-28T19:00:00Z,4453.5595,4491.3,4428.81,4459.2865,2.160262
2026-08-28T20:00:00Z,4456.132,4486.5,4429.7,4455.1575,0.010585
2026-08-28T21:00:00Z,4457.6735,4487.2,4435.417,4459.7185,0.02443
2026-08-28T22:00:00Z,4486.31,4491.0,4435.046,4461.4885,0.058889
2026-08-28T23:00:00Z,4435.247,4489.64,4434.056,4460.537,0.046448
2026-08-29T00:00:00Z,4462.9395,4489.779,4434.4,4460.008,0.094871
2026-08-29T01:00:00Z,4486.716,4488.6,4433.596,4460.975,0.288816751
2026-08-29T02:00:00Z,4488.15,4489.43,4432.27,4458.608,0.077332
2026-08-29T03:00:00Z,4485.616,4489.45,4430.3,4460.015,0.185068
2026-08-29T04:00:00Z,4486.23,4486.33,4433.0,4459.98,0.066655
2026-08-29T05:00:00Z,4486.4,4486.56,4432.3,4459.149,0.024696
2026-08-29T06:00:00Z,4486.398,4486.398,4430.3,4457.1185,0.037485
2026-08-29T07:00:00Z,4484.5,4485.05,4428.6,4457.8045,0.054057
2026-08-29T08:00:00Z,4454.5715,4484.812,4429.2,4459.3505,0.075421
2026-08-29T09:00:00Z,4433.587,4486.2,4430.09,4457.975,0.06667
2026-08-29T10:00:00Z,4431.75,4483.5,4428.414,4456.82,0.038981
2026-08-29T11:00:00Z,4431.04,4484.9,4428.17,4456.9805,1.681023
2026-08-29T12:00:00Z,4482.481,4484.485,4428.998,4457.8865,0.126257
2026-08-29T13:00:00Z,4458.7945,4486.5,4431.72,4459.45,0.071046
2026-08-29T14:00:00Z,4433.6,4486.215,4430.8,4462.0715,0.205792
2026-08-29T15:00:00Z,4435.5,4488.15,4435.5,4461.925,0.01077
2026-08-29T16:00:00Z,4488.85,4488.85,4434.463,4461.5,0.033409
2026-08-29T17:00:00Z,4488.1,4488.1,4435.72,4461.445,0.091338
2026-08-29T18:00:00Z,4487.9,4488.06,4435.76,4462.377,0.092333
2026-08-29T19:00:00Z,4489.5,4489.99,4460.42,4460.42,0.002853
2026-08-29T20:00:00Z,4487.71,4487.71,4460.26,4460.26,0.001092
2026-08-29T21:00:00Z,4461.7605,4488.02,4434.76,4460.65,0.024982
2026-08-29T22:00:00Z,4487.5,4488.4,4433.43,4462.76,0.064093
2026-08-29T23:00:00Z,4488.88,4488.88,4434.854,4465.85,0.003982
2026-08-30T00:00:00Z,4492.24,4492.24,4437.988,4464.109,0.030843
2026-08-30T01:00:00Z,4438.3,4492.3,4438.3,4464.956,0.014764
2026-08-30T02:00:00Z,4439.68,4491.484,4435.8,4462.695,0.038272
2026-08-30T03:00:00Z,4436.29,4490.202,4435.915,4463.065,0.007207
2026-08-30T04:00:00Z,4488.93,4490.3,4433.9,4462.36,0.025242
2026-08-30T05:00:00Z,4488.72,4489.379,4436.037,4462.59,0.034444
2026-08-30T06:00:00Z,4435.28,4489.77,4435.28,4462.85,0.061004
2026-08-30T07:00:00Z,4436.1,4491.734,4436.082,4464.663,0.075534
2026-08-30T08:00:00Z,4491.536,4491.536,4435.3,4462.1525,0.058554
2026-08-30T09:00:00Z,4436.605,4489.626,4435.63,4461.749,0.008638
2026-08-30T10:00:00Z,4488.518,4488.98,4435.8,4461.0,0.091531
2026-08-30T11:00:00Z,4434.74,4489.84,4414.82,4461.4505,11.674014796
2026-08-30T12:00:00Z,4434.581,4491.735,4434.581,4465.1,0.08132
2026-08-30T13:00:00Z,4491.7,4494.225,4438.1,4467.445,0.224201
2026-08-30T14:00:00Z,4441.09,4495.6,4441.09,4469.4405,0.026101
2026-08-30T15:00:00Z,4466.35,4495.968,4438.15,4468.741,0.010617
2026-08-30T16:00:00Z,4441.96,4498.43,4441.96,4473.114,0.011706
2026-08-30T17:00:00Z,4499.258,4499.4,4442.91,4471.65,0.017084
2026-08-30T18:00:00Z,4445.4,4497.094,4445.32,4471.169,0.009255
2026-08-30T19:00:00Z,4444.738,4500.2,4444.738,4472.129,0.01432
2026-08-30T20:00:00Z,4469.95,4496.5,4437.89,4465.4275,0.067288
2026-08-30T21:00:00Z,4491.055,4492.142,4436.27,4460.11,0.1471059
2026-08-30T22:00:00Z,4457.35,4481.2,4417.1711616625,4456.675,0.253387386
2026-08-30T23:00:00Z,4459.4775,4483.365,4420.2,4453.54,0.11206
2026-08-31T00:00:00Z,4450.005,4488.4,4431.1,4455.535,0.030964526
2026-08-31T01:00:00Z,4452.0925,4473.361,4409.433,4436.0,0.029619
2026-08-31T02:00:00Z,4434.2685,4456.8,4378.5,4420.276,0.094197
2026-08-31T03:00:00Z,4422.96,4451.423,4395.096,4418.76,0.097128
2026-08-31T04:00:00Z,4417.75,4446.9,4387.6,4422.0115,0.166416568
2026-08-31T05:00:00Z,4424.885,4463.49,4394.04,4441.71,0.071181
2026-08-31T06:00:00Z,4438.1785,4467.038,4406.934,4436.34,0.031266
2026-08-31T07:00:00Z,4438.1065,4471.6,4412.1,4440.8825,0.023047
2026-08-31T08:00:00Z,4444.276,4469.9,4412.663,4435.52,0.07121
2026-08-31T09:00:00Z,4436.704,4469.34,4409.958,4442.9,0.044921
2026-08-31T10:00:00Z,4445.7645,4473.58,4419.6,4453.03,0.029592
2026-08-31T11:00:00Z,4478.7,4478.7,4426.372,4454.2,0.017001
2026-08-31T12:00:00Z,4427.5,4483.192,4408.695,4435.602,0.068853
2026-08-31T13:00:00Z,4461.71,4470.26,4403.99,4418.24,0.093445
2026-08-31T14:00:00Z,4419.755,4451.484,4394.2,4431.985,0.03494
2026-08-31T15:00:00Z,4433.7475,4459.1,4404.58,4425.78,0.019354
2026-08-31T16:00:00Z,4424.152,4463.92,4404.98,4433.98,0.113593
2026-08-31T17:00:00Z,4460.46,4463.6,4429.114,4434.598,0.025678
2026-08-31T18:00:00Z,4432.45,4461.512,4401.3,4431.565,0.012178
2026-08-31T19:00:00Z,4434.02,4466.2,4408.431,4450.445,0.013496
2026-08-31T20:00:00Z,4452.836,4474.7,4421.1,4447.611,0.01938
2026-08-31T21:00:00Z,4421.7,4474.142,4421.58,4448.5195,0.026968
2026-08-31T22:00:00Z,4449.7035,4476.091,4420.21,4444.902,0.011708
2026-08-31T23:00:00Z,4418.3,4475.23,4414.5,4448.587,0.0526
2026-09-01T00:00:00Z,4451.2385,4484.352,4424.4,4452.73,0.066426
2026-09-01T01:00:00Z,4449.125,4473.52,4418.4,4443.4365,0.108843
2026-09-01T02:00:00Z,4446.105,4469.8,4409.508,4441.567,0.018397
2026-09-01T03:00:00Z,4443.2,4469.0,4407.106,4438.191,0.0675
2026-09-01T04:00:00Z,4464.402,4464.402,4402.128,4427.467,0.404293
2026-09-01T05:00:00Z,4428.585,4467.2,4405.2,4442.4605,0.014982
2026-09-01T06:00:00Z,4440.106,4462.23,4401.9,4431.17,0.036397
2026-09-01T07:00:00Z,4434.5235,4458.1,4393.4,4420.185,0.046724
2026-09-01T08:00:00Z,4418.55,4442.8,4352.993,4379.165,0.316412698
2026-09-01T09:00:00Z,4377.35,4405.934,4347.388,4370.82,0.081042
2026-09-01T10:00:00Z,4373.6755,4417.0,4346.057,4383.612,0.108141
2026-09-01T11:00:00Z,4358.9,4418.9,4358.9,4379.295,0.034466
2026-09-01T12:00:00Z,4375.74,4404.2,4340.1,4364.225,0.054685
2026-09-01T13:00:00Z,4361.865,4390.007,4335.1,4376.797177822,0.033072
2026-09-01T14:00:00Z,4377.609677822,4402.8,4355.644355644,4373.907177822,0.076526
2026-09-01T15:00:00Z,4375.168177822,4398.89,4355.644355644,4380.142177822,0.03298
2026-09-01T16:00:00Z,4404.64,4404.64,4355.644355644,4370.579177822,0.021098589
2026-09-01T17:00:00Z,4369.472177822,4383.868,4355.644355644,4365.622177822,0.076265
2026-09-01T18:00:00Z,4364.722177822,4375.3,4355.644355644,4362.262177822,0.03658
2026-09-01T19:00:00Z,4360.662177822,4367.08,4357.872177822,4358.966177822,0.024785
2026-09-01T20:00:00Z,4355.644355644,4365.3,4314.225,4339.47,0.181447
2026-09-01T21:00:00Z,4342.17,4371.4,4324.08,4348.95,0.021861
2026-09-01T22:00:00Z,4347.825,4369.15,4345.005,4346.83,0.004698
2026-09-01T23:00:00Z,4345.901,4367.73,4316.96,4338.89,0.159062
2026-09-02T00:00:00Z,4339.825,4366.48,4315.1,4334.85,0.076046
2026-09-02T01:00:00Z,4334.496,4359.602,4280.29,4302.515,0.077286
2026-09-02T02:00:00Z,4303.55,4347.9,4288.3,4312.99,0.091976
2026-09-02T03:00:00Z,4315.115,4340.058,4271.0,4313.1065,0.077815
2026-09-02T04:00:00Z,4286.913,4343.8,4286.913,4315.025,0.190113
2026-09-02T05:00:00Z,4340.41,4355.468,4288.024,4331.476,0.053611
2026-09-02T06:00:00Z,4329.14,4360.5,4305.61,4330.3895,0.033836
2026-09-02T07:00:00Z,4332.475,4363.64,4305.8,4335.3,0.04456
2026-09-02T08:00:00Z,4309.78,4366.5,4309.78,4325.665,0.047267
2026-09-02T09:00:00Z,4322.81,4353.271,4291.48,4319.0715,0.092988
2026-09-02T10:00:00Z,4316.993,4346.124,4286.783,4318.095,0.096333
2026-09-02T11:00:00Z,4320.0835,4366.74,4303.4,4340.737,0.022096
2026-09-02T12:00:00Z,4342.85,4372.4,4315.4,4341.12,0.110272
2026-09-02T13:00:00Z,4343.2075,4401.5,4324.18,4382.273,0.134902527
2026-09-02T14:00:00Z,4382.0725,4429.1,4358.6,4381.85,0.897295
2026-09-02T15:00:00Z,4384.34,4414.36,4350.8,4379.9615,0.085301
2026-09-02T16:00:00Z,4405.853,4409.8,4349.0,4377.756,0.386412
2026-09-02T17:00:00Z,4404.306,4411.79,4351.4,4386.99,0.039536
2026-09-02T18:00:00Z,4385.975,4410.9,4357.02,4384.41,0.033839
2026-09-02T19:00:00Z,4410.9,4424.21,4362.57,4397.17,0.153279
2026-09-02T20:00:00Z,4395.805,4425.732,4370.01,4397.388,0.01876
2026-09-02T21:00:00Z,4423.676,4423.676,4395.4155,4397.8995,0.005426
2026-09-02T22:00:00Z,4399.5,4425.253,4367.0,4393.1085,0.032374
2026-09-02T23:00:00Z,4419.217,4422.078,4362.5,4392.928,0.082739
2026-09-03T00:00:00Z,4394.526,4425.65,4367.603,4402.547,0.015255
2026-09-03T01:00:00Z,4400.935,4444.0,4382.01,4415.3885,0.143088
2026-09-03T02:00:00Z,4417.3455,4452.04,4390.451,4426.1,0.196788
2026-09-03T03:00:00Z,4453.2,4462.645,4402.479,4435.48,0.057063
2026-09-03T04:00:00Z,4461.7,4468.4,4407.3,4440.01,0.174873
2026-09-03T05:00:00Z,4443.139,4469.8,4400.6,4435.185,0.140486
2026-09-03T06:00:00Z,4438.135,4464.444,4396.73,4425.7405,0.064175
2026-09-03T07:00:00Z,4422.88,4459.8,4398.84,4431.5,0.026454
2026-09-03T08:00:00Z,4434.797,4467.1,4408.7,4438.7135,0.021083
2026-09-03T09:00:00Z,4412.312,4466.7,4407.465,4432.195,0.148124
2026-09-03T10:00:00Z,4434.476,4458.37,4399.1,4431.65,0.07915
2026-09-03T11:00:00Z,4429.795,4470.483,4403.237,4448.19,0.211171427
2026-09-03T12:00:00Z,4445.289,4522.34,4424.69,4495.74,0.059933
2026-09-03T13:00:00Z,4493.425,4520.261,4435.58,4470.885,0.19114534
2026-09-03T14:00:00Z,4467.8785,4508.02,4438.982,4485.159,0.027439
2026-09-03T15:00:00Z,4486.49,4536.1,4459.23,4492.9335,0.024156
2026-09-03T16:00:00Z,4490.26,4522.671,4462.91,4485.54,0.014681
2026-09-03T17:00:00Z,4484.96,4519.9,4460.469,4487.23,0.024885613
2026-09-03T18:00:00Z,4513.82,4513.82,4455.2,4476.217,0.051841
2026-09-03T19:00:00Z,4502.984,4504.072,4453.225,4475.995,0.032262
2026-09-03T20:00:00Z,4474.6,4502.284,4444.6,4474.105,0.089673
2026-09-03T21:00:00Z,4447.01,4504.924,4447.01,4476.65,0.386225
2026-09-03T22:00:00Z,4502.7,4503.38,4447.2,4472.755,0.034358
2026-09-03T23:00:00Z,4476.425,4506.1,4448.2,4481.597,2.989502199
2026-09-04T00:00:00Z,4470.18058,4514.84,4449.87,4486.6,0.077040937
2026-09-04T01:00:00Z,4485.0,4501.2,4442.12,4477.638,0.042309321
2026-09-04T02:00:00Z,4450.41,4508.314,4450.41,4475.7,0.08261
2026-09-04T03:00:00Z,4477.95,4501.393,4440.03,4467.245,0.066135
2026-09-04T04:00:00Z,4469.1,4495.7,4440.666,4475.15,0.042111
2026-09-04T05:00:00Z,4448.1,4499.74,4441.27,4469.45,0.100844
2026-09-04T06:00:00Z,4471.0,4496.8,4433.53,4460.833,0.052205
2026-09-04T07:00:00Z,4463.525,4515.8,4440.922,4482.742,0.033766
2026-09-04T08:00:00Z,4483.611,4509.39,4450.3,4479.4905,0.13658
2026-09-04T09:00:00Z,4505.781,4505.781,4440.0,4470.27,0.159686
2026-09-04T10:00:00Z,4467.495,4503.01,4444.89,4475.8505,0.020615
2026-09-04T11:00:00Z,4474.14,4500.88,4440.793,4468.5735,0.102591
2026-09-04T12:00:00Z,4470.388,4499.3,4369.06,4400.8,0.403829573
2026-09-04T13:00:00Z,4398.75,4455.31,4369.0,4417.065,0.086676947
2026-09-04T14:00:00Z,4415.4755,4458.9,4396.2,4429.67,0.067518
2026-09-04T15:00:00Z,4426.8,4468.7,4411.1,4435.4685,0.041014
2026-09-04T16:00:00Z,4438.215,4466.35,4414.109,4435.91,0.036374
2026-09-04T17:00:00Z,4410.12,4460.6,4393.9,4417.9665,0.089964
2026-09-04T18:00:00Z,4415.84,4454.2,4392.1,4426.35,0.022552
2026-09-04T19:00:00Z,4452.8,4460.508,4402.26,4435.15,0.028806
2026-09-04T20:00:00Z,4431.598,4459.163,4430.55,4432.9385,0.025154
2026-09-04T21:00:00Z,4431.05,4433.781,4430.565,4433.415,0.0
2026-09-04T22:00:00Z,4407.28,4434.237,4407.28,4434.237,0.010516
2026-09-04T23:00:00Z,4461.18,4461.18,4406.679,4432.111,0.096184
2026-09-05T00:00:00Z,4405.262,4460.45,4405.262,4431.8585,0.041873
2026-09-05T01:00:00Z,4436.067,4463.7,4409.33,4436.7,0.020072
2026-09-05T02:00:00Z,4463.6,4463.6,4409.499,4436.0005,0.045791
2026-09-05T03:00:00Z,4461.9,4462.9,4408.57,4435.9,0.042871
2026-09-05T04:00:00Z,4462.5,4462.646,4409.7,4433.11,0.045737
2026-09-05T05:00:00Z,4405.91,4462.4,4405.25,4431.864,0.084359
2026-09-05T06:00:00Z,4405.65,4460.9,4405.65,4435.227,0.020323
2026-09-05T07:00:00Z,4461.501,4462.03,4408.3,4435.05,0.162593
2026-09-05T08:00:00Z,4408.4,4461.6,4405.998,4430.9775,0.016921
2026-09-05T09:00:00Z,4404.7,4459.41,4404.7,4433.2,0.030066
2026-09-05T10:00:00Z,4408.0,4460.406,4406.3,4433.2975,0.156404052
2026-09-05T13:00:00Z,4460.3,4460.8,4405.21,4429.8935,0.034603
2026-09-05T14:00:00Z,4403.347,4457.8,4402.234,4431.785,0.176751381
2026-09-05T15:00:00Z,4458.24,4458.24,4403.2,4432.005,0.03808
2026-09-05T16:00:00Z,4458.5,4461.912,4405.7,4435.835,0.146808
2026-09-05T17:00:00Z,4462.34,4462.34,4406.554,4434.093,0.026869
2026-09-05T18:00:00Z,4460.842,4460.842,4407.558,4434.4,0.002981
2026-09-05T19:00:00Z,4407.9,4461.095,4406.87,4434.13,0.097227
2026-09-05T20:00:00Z,4460.83,4460.83,4407.258,4432.6205,0.008033
2026-09-05T21:00:00Z,4458.6,4461.3,4432.6205,4433.304,0.01072
2026-09-05T22:00:00Z,4460.441,4460.441,4405.8,4432.425,0.225404
2026-09-05T23:00:00Z,4405.65,4459.2,4405.4,4433.4075,0.058002
2026-09-06T00:00:00Z,4407.35,4459.64,4404.39,4432.485,0.071014
2026-09-06T01:00:00Z,4457.77,4458.53,4404.266,4430.842,0.21453
2026-09-06T02:00:00Z,4456.326,4457.4,4404.8,4429.9855,0.051226
2026-09-06T03:00:00Z,4403.471,4455.75,4403.306,4432.773,0.008131
2026-09-06T04:00:00Z,4406.276,4458.3,4404.2,4432.352,0.049246
2026-09-06T05:00:00Z,4458.31,4460.38,4431.735,4432.0665,0.01891
2026-09-06T06:00:00Z,4406.1,4460.538,4405.5,4430.424,0.045144
2026-09-06T07:00:00Z,4455.57,4456.317,4401.1,4426.95,0.033904
2026-09-06T08:00:00Z,4452.9,4452.9,4397.896,4424.4895,0.05422
2026-09-06T09:00:00Z,4451.78,4456.441,4405.0,4429.878,0.014843
2026-09-06T10:00:00Z,4403.6,4457.5,4402.0,4427.93,0.045206
2026-09-06T11:00:00Z,4401.56,4456.589,4401.56,4430.15,0.03571
2026-09-06T12:00:00Z,4456.9,4457.112,4399.99,4427.225,0.268915
2026-09-06T13:00:00Z,4454.55,4454.55,4398.5,4426.205,0.055666
2026-09-06T14:00:00Z,4452.74,4454.4,4398.64,4426.2445,0.035908
2026-09-06T15:00:00Z,4424.113,4453.43,4400.73,4426.05,0.02543
2026-09-06T16:00:00Z,4452.8,4452.955,4397.91,4423.6,0.099718
2026-09-06T17:00:00Z,4450.3,4450.3,4416.965,4418.69,0.017531
2026-09-06T18:00:00Z,4421.4895,4450.281,4395.8,4420.309,0.016497
2026-09-06T19:00:00Z,4421.54,4447.58,4419.555,4420.155,0.138924
2026-09-06T20:00:00Z,4420.8,4446.938,4394.04,4420.41,0.005119
2026-09-06T21:00:00Z,4446.06,4446.06,4394.39,4418.3455,0.007197
2026-09-06T22:00:00Z,4422.85,4456.9,4414.3365,4426.61,0.008805
2026-09-06T23:00:00Z,4453.52,4453.52,4391.394,4418.9,0.020516
2026-09-07T00:00:00Z,4421.21,4451.25,4383.427,4409.35,0.402596
2026-09-07T01:00:00Z,4407.44,4436.93,4367.0,4406.606,0.176537
2026-09-07T02:00:00Z,4405.535,4441.376,4373.9,4405.8955,0.039338
2026-09-07T03:00:00Z,4380.191,4432.644,4373.7,4401.095,0.040151
2026-09-07T04:00:00Z,4404.825,4427.86,4367.203,4397.15,0.024551
2026-09-07T05:00:00Z,4371.3,4433.8,4371.3,4392.806,0.032689
2026-09-07T06:00:00Z,4390.1495,4423.31,4364.539,4390.7,0.060699
2026-09-07T07:00:00Z,4392.525,4428.0,4364.53,4403.9675,0.077632
2026-09-07T08:00:00Z,4407.62,4444.5,4388.0,4412.85,0.072776258
2026-09-07T09:00:00Z,4413.625,4437.189,4387.4,4406.345,0.004047
2026-09-07T10:00:00Z,4432.6,4432.6,4366.588,4391.5605,0.016339
2026-09-07T11:00:00Z,4393.6035,4414.295,4357.11,4385.855,0.017853
2026-09-07T12:00:00Z,4388.2735,4420.6,4362.9,4395.917,0.044466
2026-09-07T13:00:00Z,4398.615,4431.9,4375.01,4403.5825,0.03993
2026-09-07T14:00:00Z,4406.386,4441.88,4382.168,4415.631,0.033676
2026-09-07T15:00:00Z,4389.0,4440.0,4385.01,4411.935,0.108305
2026-09-07T16:00:00Z,4414.35,4438.7,4387.111,4413.05,0.012063
2026-09-07T17:00:00Z,4438.8,4440.06,4407.918,4407.918,0.020498
2026-09-07T18:00:00Z,4381.396,4433.86,4381.396,4411.05,0.004619
2026-09-07T19:00:00Z,4409.53,4436.9,4382.069,4409.281,0.225707
2026-09-07T20:00:00Z,4411.9265,4411.9265,4411.9265,4411.9265,0.0
2026-09-07T21:00:00Z,4438.84,4438.84,4411.9265,4414.06,0.007241
2026-09-07T22:00:00Z,4410.0825,4438.48,4383.7,4407.2555,0.05078
2026-09-07T23:00:00Z,4410.165,4449.032,4384.41,4424.4795,0.01819
2026-09-08T00:00:00Z,4420.8,4449.969,4393.283,4426.6815,0.011979
2026-09-08T01:00:00Z,4423.81,4465.604,4394.732,4436.59,0.114926
2026-09-08T02:00:00Z,4434.325,4459.85,4396.65,4424.495,0.037961
2026-09-08T03:00:00Z,4450.4,4464.374,4424.495,4438.1315,0.031864
2026-09-08T04:00:00Z,4412.263,4466.6,4407.6,4436.46,0.414085
2026-09-08T05:00:00Z,4409.69,4458.78,4390.95,4418.625,0.092068
2026-09-08T06:00:00Z,4444.15,4444.15,4374.25,4405.0,0.136551
2026-09-08T07:00:00Z,4379.3,4431.071,4365.1,4392.6,0.114158
2026-09-08T08:00:00Z,4389.456,4423.23,4366.5,4393.4235,0.03358
2026-09-08T09:00:00Z,4395.5,4431.7,4371.1,4405.71,0.016839
2026-09-08T10:00:00Z,4401.95,4427.57,4372.2,4396.205,0.09958
2026-09-08T11:00:00Z,4370.01,4429.3,4368.0,4405.2425,0.066674
2026-09-08T12:00:00Z,4404.235,4432.539,4377.5,4409.095,0.025446
2026-09-08T13:00:00Z,4412.75,4438.8,4367.08,4396.7825,0.06548175
2026-09-08T14:00:00Z,4398.7,4427.02,4366.5,4396.8195,0.063003
2026-09-08T15:00:00Z,4397.9,4432.314,4372.43,4394.789,0.043694
2026-09-08T16:00:00Z,4392.4405,4395.86,4369.11,4395.2215,0.00175
2026-09-08T17:00:00Z,4396.6695,4425.86,4359.384,4388.3115,0.020309
2026-09-08T18:00:00Z,4386.44,4399.38,4367.58,4375.3,0.00442
2026-09-08T19:00:00Z,4373.95,4394.4,4347.5,4365.75,0.002692
2026-09-08T20:00:00Z,4366.86,4386.1,4332.9,4357.85,0.077014
2026-09-08T21:00:00Z,4360.0,4388.6,4360.0,4363.55,0.001273
2026-09-08T22:00:00Z,4361.9075,4384.277,4331.08,4357.39,0.06296
2026-09-08T23:00:00Z,4382.88,4384.805,4329.054,4355.36,0.378442
2026-09-09T00:00:00Z,4353.95,4379.2,4320.75,4365.5,0.099983635
2026-09-09T01:00:00Z,4362.7015,4401.7,4333.5,4373.0495,0.01618
2026-09-09T02:00:00Z,4398.494,4402.1,4350.27,4381.6,0.011478
2026-09-09T03:00:00Z,4355.3,4407.9,4351.6,4378.505,0.019269
2026-09-09T04:00:00Z,4374.739,4409.26,4349.5,4382.925,0.044933
2026-09-09T05:00:00Z,4356.7,4427.253,4356.7,4401.993,0.05064
2026-09-09T06:00:00Z,4404.5695,4429.98,4375.1,4402.5375,0.044416
2026-09-09T07:00:00Z,4376.925,4438.024,4376.925,4410.575,0.046368
2026-09-09T08:00:00Z,4384.71,4432.78,4381.383,4402.455,0.018722
2026-09-09T09:00:00Z,4429.0,4429.0,4374.3,4392.25,0.075529
2026-09-09T10:00:00Z,4387.635,4427.756,4366.8,4404.165,0.033816
2026-09-09T11:00:00Z,4431.03,4436.1,4379.321,4408.9335,0.123307
2026-09-09T12:00:00Z,4383.417,4426.88,4366.602,4401.8,0.26099918
2026-09-09T13:00:00Z,4403.042,4450.308,4384.49,4413.35,0.22167145
2026-09-09T14:00:00Z,4416.4025,4448.7,4392.89,4418.05,0.027842
2026-09-09T15:00:00Z,4420.1655,4431.0,4371.58,4398.3995,0.041406
2026-09-09T16:00:00Z,4424.949,4429.93,4374.32,4410.3515,0.014737
2026-09-09T17:00:00Z,4383.703,4441.3,4383.703,4415.1445,0.012854
2026-09-09T18:00:00Z,4418.108,4444.875,4380.0,4402.86,0.015785
2026-09-09T19:00:00Z,4400.163,4427.2,4370.8,4397.37,0.022087
2026-09-09T20:00:00Z,4423.7,4427.698,4368.913,4402.05,0.020241
2026-09-09T21:00:00Z,4428.3,4430.28,4401.8025,4401.8025,0.007058
2026-09-09T22:00:00Z,4402.83,4428.59,4372.7,4398.429,0.019766
2026-09-09T23:00:00Z,4400.1,4426.2,4366.42,4393.395,0.025971
2026-09-10T00:00:00Z,4420.1,4420.1,4366.724,4385.733425,0.06131
2026-09-10T01:00:00Z,4386.902425,4440.28,4383.245,4410.63,0.225733466
2026-09-10T02:00:00Z,4412.725,4445.13,4382.69,4418.94,0.195628592
2026-09-10T03:00:00Z,4446.0,4446.739,4380.3,4406.326,0.101747523
2026-09-10T04:00:00Z,4409.1355,4439.6,4380.374,4408.175,0.074256
2026-09-10T05:00:00Z,4406.8855,4452.57,4389.7,4427.325,0.043607
2026-09-10T06:00:00Z,4424.0675,4449.5,4397.535,4423.063,0.02724
2026-09-10T07:00:00Z,4420.359,4442.8,4383.83,4409.8,0.04368
2026-09-10T08:00:00Z,4383.7,4432.6,4376.38,4394.35,0.045966
2026-09-10T09:00:00Z,4392.37,4421.93,4368.4,4394.1885,0.074496871
2026-09-10T10:00:00Z,4395.949,4425.118,4356.32,4379.7,0.079196
2026-09-10T11:00:00Z,4381.404,4413.7,4351.8,4376.5,0.015772
2026-09-10T12:00:00Z,4375.19,4397.27,4309.86,4344.815,0.424177
2026-09-10T13:00:00Z,4345.75,4396.0,4321.7,4365.15,0.151972
2026-09-10T14:00:00Z,4367.255,4399.07,4330.2,4358.76,0.059135
2026-09-10T15:00:00Z,4384.4,4395.35,4331.6,4365.37,0.021352
2026-09-10T16:00:00Z,4368.525,4388.63,4329.179,4364.6105,0.013076
2026-09-10T17:00:00Z,4362.1725,4391.658,4336.5,4352.708,0.02237
2026-09-10T18:00:00Z,4378.416,4378.416,4322.5,4353.677172827,0.112762
2026-09-10T19:00:00Z,4351.777172827,4353.49,4301.9,4326.73,0.120028
2026-09-10T20:00:00Z,4352.15,4352.15,4295.769,4323.7005,0.013278
2026-09-10T21:00:00Z,4325.7,4353.0,4300.5,4327.95,0.015279
2026-09-10T22:00:00Z,4325.05,4353.7,4299.2,4323.597,0.020768
2026-09-10T23:00:00Z,4348.094,4348.472,4297.5,4317.415,2.134875
2026-09-11T00:00:00Z,4319.782,4365.346,4298.49,4338.8885,0.310190444
2026-09-11T01:00:00Z,4335.4,4369.84,4306.2,4335.255,0.17229548
2026-09-11T02:00:00Z,4360.51,4363.5,4304.34,4330.074,0.169572
2026-09-11T03:00:00Z,4331.86,4355.8,4291.58,4311.95,0.05932958
2026-09-11T04:00:00Z,4312.735,4365.48,4303.18,4338.6245,0.10295
2026-09-11T05:00:00Z,4336.123,4381.8,4319.3,4350.7925,0.030718
2026-09-11T06:00:00Z,4354.125,4381.2,4330.4,4355.969,0.013044
2026-09-11T07:00:00Z,4357.0275,4383.214,4322.6,4346.6,0.02698
2026-09-11T08:00:00Z,4348.69,4383.719,4325.82,4349.9465,0.121273
2026-09-11T09:00:00Z,4352.6445,4374.287,4320.4,4349.15,0.083213
2026-09-11T10:00:00Z,4351.3,4374.5,4324.806,4340.45,0.04109
2026-09-11T11:00:00Z,4343.055,4364.3,4312.2,4334.949,0.033688
2026-09-11T12:00:00Z,4337.8,4398.7,4302.34,4382.025,0.024734
2026-09-11T13:00:00Z,4383.052,4422.29,4360.18,4403.044,0.041494
2026-09-11T14:00:00Z,4401.38,4414.8,4347.566,4373.165,0.014859
2026-09-11T15:00:00Z,4398.2,4402.574,4342.824,4369.3,0.055738
2026-09-11T16:00:00Z,4370.727,4394.4,4330.4,4365.2475,0.023572
2026-09-11T17:00:00Z,4368.312,4399.46,4337.9,4361.915,0.018338
2026-09-11T18:00:00Z,4388.07,4388.07,4322.9,4349.2035,0.02016
2026-09-11T19:00:00Z,4351.825,4383.1,4323.75,4351.6205,0.045655
2026-09-11T20:00:00Z,4352.36,4379.79,4349.085,4351.48,0.037244
2026-09-11T21:00:00Z,4353.61,4378.54,4327.52,4354.19,0.003331
2026-09-11T22:00:00Z,4355.7295,4381.41,4326.578,4352.532,0.015832
2026-09-11T23:00:00Z,4354.64,4381.45,4354.64,4354.7995,0.010649
2026-09-12T00:00:00Z,4380.19,4382.41,4329.5,4355.519,0.059681
2026-09-12T01:00:00Z,4330.188,4382.5,4329.0,4356.294,0.065234
2026-09-12T02:00:00Z,4331.358,4382.095,4327.93,4355.9365,0.013991
2026-09-12T03:00:00Z,4382.61,4382.61,4328.507,4354.317,0.152395
2026-09-12T04:00:00Z,4327.567,4379.7,4326.8,4354.4325,0.039648
2026-09-12T05:00:00Z,4355.8,4381.2,4354.914,4355.1,0.002634
2026-09-12T06:00:00Z,4330.3,4381.43,4327.79,4354.5145,0.018832496
2026-09-12T07:00:00Z,4380.85,4381.384,4327.969,4354.93,0.023119
2026-09-12T08:00:00Z,4380.78,4381.267,4329.18,4355.165,0.054731
2026-09-12T09:00:00Z,4329.36,4382.2,4329.36,4355.9775,0.007271
2026-09-12T10:00:00Z,4382.555,4382.555,4328.7,4354.9355,0.031818
2026-09-12T11:00:00Z,4329.512,4381.16,4326.448,4354.29,0.010379
2026-09-12T12:00:00Z,4328.48,4379.4,4328.254,4353.019,0.007646
2026-09-12T13:00:00Z,4379.798,4380.8,4327.623,4353.4725,0.067955
2026-09-12T14:00:00Z,4327.6,4381.259,4327.4,4355.052,0.026052
2026-09-12T15:00:00Z,4381.39,4381.39,4330.0,4354.73,0.022868
2026-09-12T16:00:00Z,4380.1,4382.3,4328.6,4355.4315,0.021353
2026-09-12T17:00:00Z,4329.063,4380.73,4328.861,4354.881,0.004504
2026-09-12T18:00:00Z,4380.8,4382.332,4328.65,4355.095,0.19376
2026-09-12T19:00:00Z,4381.81,4381.81,4354.7875,4354.905,0.008404
2026-09-12T20:00:00Z,4353.1835,4354.6365,4328.247,4354.6365,0.0009
2026-09-12T21:00:00Z,4380.337,4380.337,4353.704,4355.373,0.011189
2026-09-12T22:00:00Z,4329.873,4381.4,4329.873,4355.1535,0.034189
2026-09-12T23:00:00Z,4381.41,4381.41,4329.1,4354.1,0.009057
2026-09-13T00:00:00Z,4328.9,4354.1,4327.38,4353.911,0.029268
2026-09-13T01:00:00Z,4380.122,4381.91,4327.754,4354.03,0.046939
2026-09-13T02:00:00Z,4327.4,4382.29,4327.4,4356.05,0.079971
2026-09-13T03:00:00Z,4329.7,4382.58,4329.7,4356.11,0.028075
2026-09-13T04:00:00Z,4329.82,4382.8,4329.62,4357.3,0.070903
2026-09-13T05:00:00Z,4331.2,4384.8,4330.367,4356.15,0.015058
2026-09-13T06:00:00Z,4382.8,4382.8,4329.0,4356.862,0.011566
2026-09-13T07:00:00Z,4382.448,4382.448,4330.151,4354.65,0.03341
2026-09-13T08:00:00Z,4328.2,4381.94,4328.2,4353.8145,0.371966
2026-09-13T09:00:00Z,4379.6,4382.2,4327.621,4352.7415,0.058113
2026-09-13T10:00:00Z,4326.723,4377.6,4324.61,4350.105,0.011621
2026-09-13T11:00:00Z,4376.93,4378.921,4324.26,4351.9115,0.025602
2026-09-13T12:00:00Z,4378.1,4378.46,4325.51,4349.4665,0.057678
2026-09-13T13:00:00Z,4323.763,4373.74,4323.3,4349.891,0.008841
2026-09-13T14:00:00Z,4375.831,4378.1,4323.877,4350.5605,0.011119
2026-09-13T15:00:00Z,4324.78,4377.575,4320.1,4346.1995,0.032758
2026-09-13T16:00:00Z,4372.121,4380.43,4326.5,4353.415,0.056343
2026-09-13T17:00:00Z,4327.3,4381.3,4327.3,4352.4425,0.042035
2026-09-13T18:00:00Z,4378.145,4379.1,4327.5,4353.38,0.007568
2026-09-13T19:00:00Z,4357.518,4375.851,4320.996,4350.507,0.010309
2026-09-13T20:00:00Z,4347.58,4373.5,4318.0,4348.4445,0.007705
2026-09-13T21:00:00Z,4374.429,4374.429,4320.2,4346.2905,0.309976
2026-09-13T22:00:00Z,4344.255,4364.72,4305.0,4339.17,0.028603
2026-09-13T23:00:00Z,4341.605,4369.74,4315.1,4334.1275,0.003757
2026-09-14T00:00:00Z,4308.9,4372.52,4308.9,4340.2825,0.01914
2026-09-14T01:00:00Z,4339.0015,4376.93,4310.042,4357.575,0.011062
2026-09-14T02:00:00Z,4354.498,4381.9,4327.3,4334.079,0.037744
2026-09-14T03:00:00Z,4332.0015,4363.7,4309.1,4333.85,0.153091
2026-09-14T04:00:00Z,4308.0,4360.478,4307.107,4332.73,0.080805
2026-09-14T05:00:00Z,4306.7,4364.913,4306.3,4338.0305,0.025153
2026-09-14T06:00:00Z,4342.165,4361.038,4299.489,4324.825,0.01713
2026-09-14T07:00:00Z,4323.095,4352.46,4291.15,4315.05,0.052989
2026-09-14T08:00:00Z,4316.21,4346.6,4287.827,4310.26,0.037562
2026-09-14T09:00:00Z,4312.3005,4338.298,4267.0,4293.469,0.090464
2026-09-14T10:00:00Z,4291.3445,4324.723,4271.9,4302.8985,0.01956
2026-09-14T11:00:00Z,4300.756,4329.26,4270.771,4294.4975,0.693803
2026-09-14T12:00:00Z,4296.845,4321.551,4262.894,4288.6005,0.045447
